,Prev,Next
L_T0_A,L_T0_A,L_T2_A
L_T0_B,L_T0_B,L_T2_B
L_T0_C,L_T0_C,L_T2_C
L_T2_A,L_T0_A,L_T4_A
L_T2_B,L_T0_B,L_T4_B
L_T2_C,L_T0_C,L_T4_C
L_T4_A,L_T2_A,L_T8_A
L_T4_B,L_T2_B,L_T8_B
L_T4_C,L_T2_C,L_T8_C
L_T8_A,L_T4_A,L_T12_A
L_T8_B,L_T4_B,L_T12_B
L_T8_C,L_T4_C,L_T12_C
L_T12_A,L_T8_A,L_T16_A
L_T12_B,L_T8_B,L_T16_B
L_T12_C,L_T8_C,L_T16_C
L_T16_A,L_T12_A,D_T0_A
L_T16_B,L_T12_B,D_T0_B
L_T16_C,L_T12_C,D_T0_C
D_T0_A,L_T16_A,D_T2_A
D_T0_B,L_T16_B,D_T2_B
D_T0_C,L_T16_C,D_T2_C
D_T2_A,D_T0_A,D_T4_A
D_T2_B,D_T0_B,D_T4_B
D_T2_C,D_T0_C,D_T4_C
D_T4_A,D_T2_A,D_T8_A
D_T4_B,D_T2_B,D_T8_B
D_T4_C,D_T2_C,D_T8_C
D_T8_A,D_T4_A,D_T8_A
D_T8_B,D_T4_B,D_T8_B
D_T8_C,D_T4_C,D_T8_C