Entry	Entry Name	Gene Names (ordered locus)
P27134	CYNT_SYNE7	Synpcc7942_1447
P46204	CCMN_SYNE7	Synpcc7942_1424
Q03511	CCMK2_SYNE7	Synpcc7942_1421
Q03513	CCMM_SYNE7	Synpcc7942_1423
Q06904	SASA_SYNE7	Synpcc7942_2114
Q31MN3	KATG_SYNE7	Synpcc7942_1656
Q31N04	RBCX_SYNE7	Synpcc7942_1535
Q31NB3	RBL_SYNE7	Synpcc7942_1426
Q31Q05	RAF1_SYNE7	Synpcc7942_0833
Q31QY2	FBSB_SYNE7	Synpcc7942_0505
Q31RK2	CCMK4_SYNE7	Synpcc7942_0285
Q31S42	RPAA_SYNE7	Synpcc7942_0095
Q55320	ALPH_SYNE7	
Q59943	F16PA_SYNE7	Synpcc7942_2335
Q79PF4	KAIC_SYNE7	Synpcc7942_1216
Q79PF5	KAIB_SYNE7	Synpcc7942_1217
Q79PF6	KAIA_SYNE7	Synpcc7942_1218
Q8GJM5	MCDA_SYNE7	Synpcc7942_1833
Q8GJM6	MCDB_SYNE7	Synpcc7942_1834
Q8KUU5	CYD_SYNE7	Synpcc7942_B2661
Q9KHI5	CIKA_SYNE7	Synpcc7942_0644
O33701	MURQ_SYNE7	Synpcc7942_2577
P04996	PSBA1_SYNE7	Synpcc7942_0424
P04997	PSBA2_SYNE7	Synpcc7942_1389; Synpcc7942_0893
P06539	PHCB_SYNE7	Synpcc7942_1047; Synpcc7942_1052
P0A3F4	GLNB_SYNE7	Synpcc7942_0321
P13530	PHCA_SYNE7	Synpcc7942_1048; Synpcc7942_1053
P14788	CYSA_SYNE7	Synpcc7942_1680
P15347	ISIA_SYNE7	Synpcc7942_1542
P16954	GLGB_SYNE7	Synpcc7942_1085
P22879	CH60_SYNE7	Synpcc7942_2313
P26294	PDS_SYNE7	Synpcc7942_1983
P30340	SMTB_SYNE7	Synpcc7942_1291
P34185	TOP1_SYNE7	Synpcc7942_1416
P37278	ATCL_SYNE7	Synpcc7942_1082
P37279	ATCS_SYNE7	Synpcc7942_1570
P37385	ATSY_SYNE7	Synpcc7942_2317
P38043	NRTA_SYNE7	Synpcc7942_1239
P38045	NRTC_SYNE7	Synpcc7942_1237
P46205	CCMO_SYNE7	Synpcc7942_1425
P50590	NDK_SYNE7	Synpcc7942_2497
P53533	CLPB1_SYNE7	Synpcc7942_1089
Q03512	CCML_SYNE7	Synpcc7942_1422
Q31KC7	PSK_SYNE7	Synpcc7942_2462
Q31L26	KAD_SYNE7	Synpcc7942_2213
Q31LB7	CARA_SYNE7	Synpcc7942_2122
Q31LZ3	Q31LZ3_SYNE7	Synpcc7942_1896
Q31M41	Q31M41_SYNE7	Synpcc7942_1848
Q31MD1	RLMN_SYNE7	Synpcc7942_1758
Q31MY7	ILVC_SYNE7	Synpcc7942_1552
Q31N05	AGO_SYNE7	Synpcc7942_1534
Q31N55	MURE_SYNE7	Synpcc7942_1484
Q31NA7	Q31NA7_SYNE7	Synpcc7942_1432
Q31NB2	RBS_SYNE7	Synpcc7942_1427
Q31NR6	Q31NR6_SYNE7	Synpcc7942_1273
Q31NS3	Q31NS3_SYNE7	Synpcc7942_1266
Q31P38	PANCY_SYNE7	Synpcc7942_1151
Q31QC6	Q31QC6_SYNE7	Synpcc7942_0711
Q31QJ8	ENO_SYNE7	Synpcc7942_0639
Q31QK9	SPEE_SYNE7	Synpcc7942_0628
Q31QM9	MTND_SYNE7	Synpcc7942_0608
Q31QW7	CCMP_SYNE7	Synpcc7942_0520
Q31RJ5	Q31RJ5_SYNE7	Synpcc7942_0292
Q31RJ9	GLMU_SYNE7	Synpcc7942_0288
Q31RK3	CCMK3_SYNE7	Synpcc7942_0284
Q31RK5	GLYA_SYNE7	Synpcc7942_0282
Q31SA6	BIOA_SYNE7	Synpcc7942_0031
Q54775	PYRG_SYNE7	Synpcc7942_1954
Q55024	DPS_SYNE7	Synpcc7942_2171
Q55025	SRPA_SYNE7	Synpcc7942_B2620
Q55032	ENCP2_SYNE7	Synpcc7942_B2662
Q55276	LCYB_SYNE7	Synpcc7942_2062
Q59988	KPRS_SYNE7	Synpcc7942_2113
Q6V1L5	ARGB_SYNE7	Synpcc7942_1496
Q8GLI4	LDPA_SYNE7	Synpcc7942_0624
O06865	AMPA_SYNE7	Synpcc7942_1190
O06866	MOBA_SYNE7	Synpcc7942_1189
O07345	CHLD_SYNE7	Synpcc7942_2274
O32463	GSHB_SYNE7	Synpcc7942_2324
O34125	CLPP2_SYNE7	Synpcc7942_2525
O34126	CLPX_SYNE7	Synpcc7942_2526
O34209	CLPB2_SYNE7	Synpcc7942_0637
O85785	O85785_SYNE7	Synpcc7942_2378
O85786	THID_SYNE7	Synpcc7942_2379
P0A2Z8	ATPE_SYNE7	Synpcc7942_2316
P0A3D2	FER1_SYNE7	Synpcc7942_1499
P10340	FLAV_SYNE7	Synpcc7942_1541
P11004	PSBC_SYNE7	Synpcc7942_0656
P11005	PSBD_SYNE7	Synpcc7942_0655; Synpcc7942_1637
P12608	IRPA_SYNE7	Synpcc7942_1462
P16891	DCUP_SYNE7	Synpcc7942_1086
P18655	SODF_SYNE7	Synpcc7942_0801
P21577	6PGD_SYNE7	Synpcc7942_0039
P22880	CH10_SYNE7	Synpcc7942_2314
P25935	CYC6_SYNE7	Synpcc7942_1630
P27477	THTR_SYNE7	Synpcc7942_1689
P29283	NTCA_SYNE7	Synpcc7942_0127
P29686	G6PD_SYNE7	Synpcc7942_2334
P29801	NU2C_SYNE7	Synpcc7942_1415
P30008	SIR_SYNE7	Synpcc7942_0019
P30331	MT_SYNE7	Synpcc7942_1290
P33171	EFTU_SYNE7	Synpcc7942_0884
P35088	TXLA_SYNE7	Synpcc7942_2128
P37269	CRTB_SYNE7	Synpcc7942_1984
P38023	SIGA1_SYNE7	Synpcc7942_0649
P38044	NRTB_SYNE7	Synpcc7942_1238
P38046	NRTD_SYNE7	Synpcc7942_1236
P39458	NARB_SYNE7	Synpcc7942_1235
P39660	CMPA_SYNE7	Synpcc7942_1488
P39663	SPHR_SYNE7	Synpcc7942_1012
P39664	SPHS_SYNE7	Synpcc7942_1011
P42079	RPOC1_SYNE7	Synpcc7942_1523
P42451	SUMT_SYNE7	Synpcc7942_0271
P43087	HEM2_SYNE7	Synpcc7942_1792
P50026	DNAJ_SYNE7	Synpcc7942_2579
P52023	DPO3B_SYNE7	Synpcc7942_0001
P54207	CHLL_SYNE7	Synpcc7942_1419
P54208	CHLN_SYNE7	Synpcc7942_1420
P54415	CLPP1_SYNE7	Synpcc7942_1554
P55020	PLAS_SYNE7	Synpcc7942_1088
P63200	RS12_SYNE7	Synpcc7942_0887
P72546	TRMB_SYNE7	Synpcc7942_0358
P74764	SYFB_SYNE7	Synpcc7942_1293
P74893	DNAG_SYNE7	Synpcc7942_1292
P95836	MURC_SYNE7	Synpcc7942_1741
P95837	MURB_SYNE7	Synpcc7942_1740
Q31JX7	Q31JX7_SYNE7	Synpcc7942_2612
Q31JY3	SYT_SYNE7	Synpcc7942_2606
Q31JY6	Q31JY6_SYNE7	Synpcc7942_2603
Q31JY9	COXX_SYNE7	Synpcc7942_2600
Q31JZ7	Q31JZ7_SYNE7	Synpcc7942_2592
Q31K19	SYY_SYNE7	Synpcc7942_2570
Q31K20	PYRF_SYNE7	Synpcc7942_2569
Q31KB7	Q31KB7_SYNE7	Synpcc7942_2472
Q31KC2	Q31KC2_SYNE7	Synpcc7942_2467
Q31KC6	METK_SYNE7	Synpcc7942_2463
Q31KD5	Q31KD5_SYNE7	Synpcc7942_2454
Q31KE3	Q31KE3_SYNE7	Synpcc7942_2446
Q31KE8	PSTB_SYNE7	Synpcc7942_2441
Q31KE9	PNP_SYNE7	Synpcc7942_2440
Q31KF2	Q31KF2_SYNE7	Synpcc7942_2437
Q31KF5	Q31KF5_SYNE7	Synpcc7942_2434
Q31KH4	SYK_SYNE7	Synpcc7942_2415
Q31KI0	PURA_SYNE7	Synpcc7942_2409
Q31KK5	Q31KK5_SYNE7	Synpcc7942_2384
Q31KK8	PANB_SYNE7	Synpcc7942_2381
Q31KL4	DDL_SYNE7	Synpcc7942_2375
Q31KL5	MIAB_SYNE7	Synpcc7942_2374
Q31KN6	LIPB_SYNE7	Synpcc7942_2353
Q31KR7	Q31KR7_SYNE7	Synpcc7942_2322
Q31KS4	ATPB_SYNE7	Synpcc7942_2315
Q31KS7	MURG_SYNE7	Synpcc7942_2312
Q31KT5	Q31KT5_SYNE7	Synpcc7942_2304
Q31KY7	Q31KY7_SYNE7	Synpcc7942_2252
Q31KZ0	Q31KZ0_SYNE7	Synpcc7942_2249
Q31L23	RS5_SYNE7	Synpcc7942_2216
Q31L30	RPOA_SYNE7	Synpcc7942_2209
Q31L32	Q31L32_SYNE7	Synpcc7942_2207
Q31L38	Q31L38_SYNE7	Synpcc7942_2201
Q31L42	PROB_SYNE7	Synpcc7942_2197
Q31L56	Q31L56_SYNE7	Synpcc7942_2183
Q31L64	IDIA_SYNE7	Synpcc7942_2175
Q31LA3	DAPB_SYNE7	Synpcc7942_2136
Q31LA7	GLMM_SYNE7	Synpcc7942_2132
Q31LB6	TRPD_SYNE7	Synpcc7942_2123
Q31LE1	Q31LE1_SYNE7	Synpcc7942_2098
Q31LE9	Q31LE9_SYNE7	Synpcc7942_2090
Q31LF2	Q31LF2_SYNE7	Synpcc7942_2087
Q31LG0	Q31LG0_SYNE7	Synpcc7942_2079
Q31LG3	Q31LG3_SYNE7	Synpcc7942_2076
Q31LG5	Q31LG5_SYNE7	Synpcc7942_2074
Q31LH3	Q31LH3_SYNE7	Synpcc7942_2066
Q31LH5	Q31LH5_SYNE7	Synpcc7942_2064
Q31LH6	SURE_SYNE7	Synpcc7942_2063
Q31LI2	PLSY_SYNE7	Synpcc7942_2057
Q31LJ0	PSAA_SYNE7	Synpcc7942_2049
Q31LJ1	PSAB_SYNE7	Synpcc7942_2048
Q31LJ2	Q31LJ2_SYNE7	Synpcc7942_2047
Q31LJ4	Q31LJ4_SYNE7	Synpcc7942_2045
Q31LJ6	Q31LJ6_SYNE7	Synpcc7942_2043
Q31LL0	G6PI_SYNE7	Synpcc7942_2029
Q31LM8	Q31LM8_SYNE7	Synpcc7942_2011
Q31LM9	CY550_SYNE7	Synpcc7942_2010
Q31LP4	Q31LP4_SYNE7	Synpcc7942_1995
Q31LP5	MTNC_SYNE7	Synpcc7942_1994
Q31LP7	MTNA_SYNE7	Synpcc7942_1992
Q31LR3	NU4C2_SYNE7	Synpcc7942_1976
Q31LR6	Q31LR6_SYNE7	Synpcc7942_1973
Q31LS2	UPPP_SYNE7	Synpcc7942_1967
Q31LS5	Q31LS5_SYNE7	Synpcc7942_1964
Q31LT0	SYP_SYNE7	Synpcc7942_1959
Q31LV6	Q31LV6_SYNE7	Synpcc7942_1933
Q31LW2	DAPF_SYNE7	Synpcc7942_1927
Q31LZ1	LEUC_SYNE7	Synpcc7942_1898
Q31M15	Q31M15_SYNE7	Synpcc7942_1874
Q31M24	Q31M24_SYNE7	Synpcc7942_1865
Q31M33	Q31M33_SYNE7	Synpcc7942_1856
Q31M34	Q31M34_SYNE7	Synpcc7942_1855
Q31M42	DAPA_SYNE7	Synpcc7942_1847
Q31M48	Q31M48_SYNE7	Synpcc7942_1841
Q31M81	COAX_SYNE7	Synpcc7942_1808
Q31ME6	NDHH_SYNE7	Synpcc7942_1743
Q31MF5	Q31MF5_SYNE7	Synpcc7942_1734
Q31MG3	Q31MG3_SYNE7	Synpcc7942_1726
Q31MH4	UPP_SYNE7	Synpcc7942_1715
Q31MI9	Q31MI9_SYNE7	Synpcc7942_1700
Q31MM0	Q31MM0_SYNE7	Synpcc7942_1669
Q31MM2	MURD_SYNE7	Synpcc7942_1667
Q31MM7	SYC_SYNE7	Synpcc7942_1662
Q31MP4	Q31MP4_SYNE7	Synpcc7942_1645
Q31MT7	Q31MT7_SYNE7	Synpcc7942_1602
Q31MX3	Q31MX3_SYNE7	Synpcc7942_1566
Q31N14	Q31N14_SYNE7	Synpcc7942_1525
Q31N15	RPOC2_SYNE7	Synpcc7942_1524
Q31N17	RPOB_SYNE7	Synpcc7942_1522
Q31N20	Q31N20_SYNE7	Synpcc7942_1519
Q31N26	DXR_SYNE7	Synpcc7942_1513
Q31N27	ZDS_SYNE7	Synpcc7942_1512
Q31N30	MNMA_SYNE7	Synpcc7942_1509
Q31N32	Q31N32_SYNE7	Synpcc7942_1507
Q31N34	LEU3_SYNE7	Synpcc7942_1505
Q31N52	RS4_SYNE7	Synpcc7942_1487
Q31N58	HIS5_SYNE7	Synpcc7942_1481
Q31N84	FABH_SYNE7	Synpcc7942_1455
Q31N85	PLSX_SYNE7	Synpcc7942_1454
Q31NA0	NU4C1_SYNE7	Synpcc7942_1439
Q31NA4	MEND_SYNE7	Synpcc7942_1435
Q31NA6	ARGC_SYNE7	Synpcc7942_1433
Q31NC9	Q31NC9_SYNE7	Synpcc7942_1410
Q31ND6	GLO2_SYNE7	Synpcc7942_1403
Q31NG7	Q31NG7_SYNE7	Synpcc7942_1372
Q31NH3	Q31NH3_SYNE7	Synpcc7942_1366
Q31NI7	Q31NI7_SYNE7	Synpcc7942_1352
Q31NJ3	Q31NJ3_SYNE7	Synpcc7942_1346
Q31NJ5	NDHI_SYNE7	Synpcc7942_1344
Q31NJ6	NU1C_SYNE7	Synpcc7942_1343
Q31NK6	QUEC_SYNE7	Synpcc7942_1333
Q31NK7	Q31NK7_SYNE7	Synpcc7942_1332
Q31NL6	Q31NL6_SYNE7	Synpcc7942_1323
Q31NM4	TRMFO_SYNE7	Synpcc7942_1315
Q31NM5	Q31NM5_SYNE7	Synpcc7942_1314
Q31NM6	SYDND_SYNE7	Synpcc7942_1313
Q31NS8	Q31NS8_SYNE7	Synpcc7942_1261
Q31NT8	Q31NT8_SYNE7	Synpcc7942_1251
Q31NV7	UCRI_SYNE7	Synpcc7942_1232
Q31NV8	CYF_SYNE7	Synpcc7942_1231
Q31P07	NDHJ_SYNE7	Synpcc7942_1182
Q31P08	NDHK_SYNE7	Synpcc7942_1181
Q31P19	ISPF_SYNE7	Synpcc7942_1170
Q31P47	Q31P47_SYNE7	Synpcc7942_1142
Q31P73	PGK_SYNE7	Synpcc7942_1116
Q31P84	Q31P84_SYNE7	Synpcc7942_1105
Q31P85	Q31P85_SYNE7	Synpcc7942_1104
Q31P93	THIC_SYNE7	Synpcc7942_1096
Q31P96	ANMK_SYNE7	Synpcc7942_1093
Q31PB6	RNPH_SYNE7	Synpcc7942_1073
Q31PD2	Q31PD2_SYNE7	Synpcc7942_1057
Q31PF2	Q31PF2_SYNE7	Synpcc7942_1037
Q31PG0	Q31PG0_SYNE7	Synpcc7942_1029
Q31PI2	Q31PI2_SYNE7	Synpcc7942_1007
Q31PJ1	Q31PJ1_SYNE7	Synpcc7942_0998
Q31PJ9	Q31PJ9_SYNE7	Synpcc7942_0990
Q31PK6	Q31PK6_SYNE7	Synpcc7942_0983
Q31PM2	HEM3_SYNE7	Synpcc7942_0967
Q31PM7	Q31PM7_SYNE7	Synpcc7942_0962
Q31PN0	OBG_SYNE7	Synpcc7942_0959
Q31PN1	Q31PN1_SYNE7	Synpcc7942_0958
Q31PP6	Q31PP6_SYNE7	Synpcc7942_0943
Q31PP7	Q31PP7_SYNE7	Synpcc7942_0942
Q31PQ0	Q31PQ0_SYNE7	Synpcc7942_0939
Q31PR0	Q31PR0_SYNE7	Synpcc7942_0929
Q31PR6	Q31PR6_SYNE7	Synpcc7942_0923
Q31PS4	Q31PS4_SYNE7	Synpcc7942_0915
Q31PS7	Q31PS7_SYNE7	Synpcc7942_0912
Q31PT6	Q31PT6_SYNE7	Synpcc7942_0903
Q31PU5	AROK_SYNE7	Synpcc7942_0894
Q31PU7	COFG_SYNE7	Synpcc7942_0892
Q31PW0	RNH2_SYNE7	Synpcc7942_0879
Q31PW3	SYA_SYNE7	Synpcc7942_0876
Q31PY6	DAPAT_SYNE7	Synpcc7942_0853
Q31PY7	PUR5_SYNE7	Synpcc7942_0851
Q31PY9	Q31PY9_SYNE7	Synpcc7942_0849
Q31PZ0	Q31PZ0_SYNE7	Synpcc7942_0848
Q31PZ6	Q31PZ6_SYNE7	Synpcc7942_0842
Q31Q03	RUVB_SYNE7	Synpcc7942_0835
Q31Q18	PURQ_SYNE7	Synpcc7942_0819
Q31Q19	Q31Q19_SYNE7	Synpcc7942_0818
Q31Q33	Q31Q33_SYNE7	Synpcc7942_0804
Q31Q39	RUVC_SYNE7	Synpcc7942_0798
Q31Q60	FOLD_SYNE7	Synpcc7942_0777
Q31QC2	Q31QC2_SYNE7	Synpcc7942_0715
Q31QC4	ISPG_SYNE7	Synpcc7942_0713
Q31QF1	COFH_SYNE7	Synpcc7942_0686
Q31QF2	Q31QF2_SYNE7	Synpcc7942_0685
Q31QG3	Q31QG3_SYNE7	Synpcc7942_0674
Q31QG7	PYRB_SYNE7	Synpcc7942_0670
Q31QI6	Q31QI6_SYNE7	Synpcc7942_0651
Q31QJ2	GSA_SYNE7	Synpcc7942_0645
Q31QJ5	Q31QJ5_SYNE7	Synpcc7942_0642
Q31QJ9	Q31QJ9_SYNE7	Synpcc7942_0638
Q31QL1	ILVD_SYNE7	Synpcc7942_0626
Q31QM6	Q31QM6_SYNE7	Synpcc7942_0611
Q31QN3	Q31QN3_SYNE7	Synpcc7942_0604
Q31QN4	GLGC_SYNE7	Synpcc7942_0603
Q31QP0	Q31QP0_SYNE7	Synpcc7942_0597
Q31QP9	PURT_SYNE7	Synpcc7942_0588
Q31QQ0	Q31QQ0_SYNE7	Synpcc7942_0587
Q31QQ3	Q31QQ3_SYNE7	Synpcc7942_0584
Q31QR1	THIG_SYNE7	Synpcc7942_0576
Q31QS4	UVRB_SYNE7	Synpcc7942_0563
Q31QU5	Q31QU5_SYNE7	Synpcc7942_0542
Q31QV2	PSAC_SYNE7	Synpcc7942_0535
Q31QV3	Q31QV3_SYNE7	Synpcc7942_0534
Q31QV7	Q31QV7_SYNE7	Synpcc7942_0530
Q31QW2	Q31QW2_SYNE7	Synpcc7942_0525
Q31QY1	PYRH_SYNE7	Synpcc7942_0506
Q31QY3	HEM1_SYNE7	Synpcc7942_0504
Q31QZ5	Q31QZ5_SYNE7	Synpcc7942_0492
Q31R08	LEPA_SYNE7	Synpcc7942_0479
Q31R18	GPMI_SYNE7	Synpcc7942_0469
Q31R68	BIOB_SYNE7	Synpcc7942_0419
Q31R74	NDHL_SYNE7	Synpcc7942_0413
Q31R91	PUR9_SYNE7	Synpcc7942_0396
Q31RB6	METAA_SYNE7	Synpcc7942_0371
Q31RD9	RECA_SYNE7	Synpcc7942_0348
Q31RF1	ATPA_SYNE7	Synpcc7942_0336
Q31RF4	ATPF2_SYNE7	Synpcc7942_0333
Q31RF5	ATPL_SYNE7	Synpcc7942_0332
Q31RH6	RSMA_SYNE7	Synpcc7942_0311
Q31RH7	ISPE_SYNE7	Synpcc7942_0310
Q31RJ0	Q31RJ0_SYNE7	Synpcc7942_0297
Q31RJ7	PYRD_SYNE7	Synpcc7942_0290
Q31RL0	DNLJ_SYNE7	Synpcc7942_0277
Q31RL4	COAE_SYNE7	Synpcc7942_0273
Q31RM3	Q31RM3_SYNE7	Synpcc7942_0264
Q31RM4	Q31RM4_SYNE7	Synpcc7942_0263
Q31RM5	Q31RM5_SYNE7	Synpcc7942_0262
Q31RN3	Q31RN3_SYNE7	Synpcc7942_0254
Q31RP2	Q31RP2_SYNE7	Synpcc7942_0245
Q31RQ5	AROA_SYNE7	Synpcc7942_0232
Q31RS5	AROC_SYNE7	Synpcc7942_0212
Q31RT4	Q31RT4_SYNE7	Synpcc7942_0203
Q31RU8	Q31RU8_SYNE7	Synpcc7942_0189
Q31RY5	MRAY_SYNE7	Synpcc7942_0152
Q31RZ8	Q31RZ8_SYNE7	Synpcc7942_0139
Q31S00	HEMH_SYNE7	Synpcc7942_0137
Q31S19	GATB_SYNE7	Synpcc7942_0118
Q31S32	Q31S32_SYNE7	Synpcc7942_0105
Q31S39	Q31S39_SYNE7	Synpcc7942_0098
Q31S44	Q31S44_SYNE7	Synpcc7942_0093
Q31S64	ISPH_SYNE7	Synpcc7942_0073
Q31S79	Q31S79_SYNE7	Synpcc7942_0058
Q31SA7	Q31SA7_SYNE7	Synpcc7942_0030
Q31SC8	ASSY_SYNE7	Synpcc7942_0009
Q54711	CYB6_SYNE7	Synpcc7942_2331
Q54755	Q54755_SYNE7	Synpcc7942_1379
Q54757	THIL_SYNE7	Synpcc7942_2567
Q54764	ALDEC_SYNE7	Synpcc7942_1593
Q54765	AAR_SYNE7	Synpcc7942_1594
Q54766	ACCA_SYNE7	Synpcc7942_1595
Q54769	GCH1_SYNE7	Synpcc7942_1597
Q54776	ACCD_SYNE7	Synpcc7942_1956
Q54975	PURK_SYNE7	Synpcc7942_1428
Q55038	PUR1_SYNE7	Synpcc7942_0004
Q55039	GPH_SYNE7	Synpcc7942_2613
Q55041	PURL_SYNE7	Synpcc7942_0003
Q55107	CMPC_SYNE7	Synpcc7942_1490
Q55108	CMPD_SYNE7	Synpcc7942_1491
Q55235	COAD_SYNE7	Synpcc7942_2007
Q55244	FUR_SYNE7	Synpcc7942_0987
Q55309	CYSH_SYNE7	Synpcc7942_2506
Q55311	SRP54_SYNE7	Synpcc7942_1771
Q55357	SECA_SYNE7	Synpcc7942_0289
Q56207	MOEA_SYNE7	Synpcc7942_1286
Q56208	MOACB_SYNE7	Synpcc7942_1285
Q56210	MOAE_SYNE7	Synpcc7942_1283
Q56211	MOAA_SYNE7	Synpcc7942_1282
Q59948	CYNS_SYNE7	Synpcc7942_2104
Q59966	CYSK_SYNE7	Synpcc7942_B2664
Q79CM2	Q79CM2_SYNE7	
Q79CM3	Q79CM3_SYNE7	
Q8GAA0	DXS_SYNE7	Synpcc7942_0430
Q8GAA2	Q8GAA2_SYNE7	Synpcc7942_0432
Q8GAA6	TGT_SYNE7	Synpcc7942_0455
Q8GIR8	Q8GIR8_SYNE7	
Q8GIT3	NDHO_SYNE7	Synpcc7942_2487
Q8GIT6	MIAA_SYNE7	Synpcc7942_2490
Q8GIT7	Q8GIT7_SYNE7	Synpcc7942_2491
Q8GJN0	CHLB_SYNE7	Synpcc7942_1838
Q8GJN3	Q8GJN3_SYNE7	
Q8GJN6	QUEF_SYNE7	Synpcc7942_1844
Q8GMR5	Q8GMR5_SYNE7	Synpcc7942_0447
Q8GMR7	SYS_SYNE7	Synpcc7942_0449
Q8GMS2	COBS_SYNE7	Synpcc7942_0454
Q8KPP2	PSBF_SYNE7	Synpcc7942_1176
Q8KPP3	PSBE_SYNE7	Synpcc7942_1177
Q8KPP6	NU3C_SYNE7	Synpcc7942_1180
Q8KPQ7	KGUA_SYNE7	Synpcc7942_1191
Q8KPR0	PDXJ_SYNE7	Synpcc7942_1194
Q8KPU0	SELO_SYNE7	Synpcc7942_1584
Q8KPU2	MNME_SYNE7	Synpcc7942_1582
Q8L1E5	SYE_SYNE7	Synpcc7942_2393
Q8VW88	Q8VW88_SYNE7	Synpcc7942_1443
Q935Y2	RIMO_SYNE7	Synpcc7942_2512
Q935Y7	GLGA_SYNE7	Synpcc7942_2518
Q935Z2	GPDA_SYNE7	Synpcc7942_2522
Q935Z3	TIG_SYNE7	Synpcc7942_2524
Q9L4P3	CLPP3_SYNE7	Synpcc7942_2537
Q9L790	NADA_SYNE7	Synpcc7942_1448
Q9WWL6	Q9WWL6_SYNE7	
O05161	RRP3_SYNE7	Synpcc7942_2345
O32384	O32384_SYNE7	
O33698	RS1_SYNE7	Synpcc7942_1591
O50209	O50209_SYNE7	Synpcc7942_2158
O50210	O50210_SYNE7	
O68523	O68523_SYNE7	Synpcc7942_2305
P0A4H0	SECY_SYNE7	Synpcc7942_2214
P11472	PSBO_SYNE7	Synpcc7942_0294
P12243	THIO1_SYNE7	Synpcc7942_1830
P27366	SUBI_SYNE7	Synpcc7942_1681
P27367	CYST_SYNE7	Synpcc7942_1682
P27368	Y1683_SYNE7	Synpcc7942_1683
P27369	CYSR_SYNE7	Synpcc7942_1684
P27370	CYSW_SYNE7	Synpcc7942_1685
P29820	PPI_SYNE7	Synpcc7942_1431
P31094	PSBB_SYNE7	Synpcc7942_0697
P31160	RL15_SYNE7	Synpcc7942_2215
P32084	Y1390_SYNE7	Synpcc7942_1390
P35087	NBLA_SYNE7	Synpcc7942_2127
P37371	Y2319_SYNE7	Synpcc7942_2319
P39661	NIR_SYNE7	Synpcc7942_1240
P39665	SPHX_SYNE7	Synpcc7942_2445
P42452	HEM4_SYNE7	Synpcc7942_0272
P50020	DNAK1_SYNE7	Synpcc7942_2073
P50021	DNAK2_SYNE7	Synpcc7942_2468
P50022	DNAK3_SYNE7	Synpcc7942_2580
P52691	LRRA_SYNE7	Synpcc7942_2418
P52693	NTCB_SYNE7	Synpcc7942_1242
P72560	P72560_SYNE7	Synpcc7942_B2646
P95822	PSAL_SYNE7	Synpcc7942_2342
P95823	P95823_SYNE7	Synpcc7942_2343
Q31JY2	Q31JY2_SYNE7	Synpcc7942_2607
Q31JY5	Q31JY5_SYNE7	Synpcc7942_2604
Q31JY7	Q31JY7_SYNE7	Synpcc7942_2602
Q31JZ0	Q31JZ0_SYNE7	Synpcc7942_2599
Q31K00	Q31K00_SYNE7	Synpcc7942_2589
Q31K07	Q31K07_SYNE7	Synpcc7942_2582
Q31K13	Q31K13_SYNE7	Synpcc7942_2576
Q31K18	Q31K18_SYNE7	Synpcc7942_2571
Q31K28	Q31K28_SYNE7	Synpcc7942_2561
Q31K30	RL9_SYNE7	Synpcc7942_2559
Q31K36	HYPA_SYNE7	Synpcc7942_2553
Q31K38	Q31K38_SYNE7	Synpcc7942_2551
Q31K41	Q31K41_SYNE7	Synpcc7942_2548
Q31K46	Q31K46_SYNE7	Synpcc7942_2543
Q31K48	RL19_SYNE7	Synpcc7942_2541
Q31K58	EFTS_SYNE7	Synpcc7942_2531
Q31K59	RS2_SYNE7	Synpcc7942_2530
Q31K74	Q31K74_SYNE7	Synpcc7942_2515
Q31KC5	NANE_SYNE7	Synpcc7942_2464
Q31KC9	Q31KC9_SYNE7	Synpcc7942_2460
Q31KD2	SYGA_SYNE7	Synpcc7942_2457
Q31KD9	Q31KD9_SYNE7	Synpcc7942_2450
Q31KE0	Q31KE0_SYNE7	Synpcc7942_2449
Q31KE1	Q31KE1_SYNE7	Synpcc7942_2448
Q31KE5	Q31KE5_SYNE7	Synpcc7942_2444
Q31KE6	Q31KE6_SYNE7	Synpcc7942_2443
Q31KE7	Q31KE7_SYNE7	Synpcc7942_2442
Q31KF3	Q31KF3_SYNE7	Synpcc7942_2436
Q31KG3	PETM_SYNE7	Synpcc7942_2426
Q31KG6	MNMG_SYNE7	Synpcc7942_2423
Q31KH9	Q31KH9_SYNE7	Synpcc7942_2410
Q31KJ1	YQGF_SYNE7	Synpcc7942_2398
Q31KK7	Q31KK7_SYNE7	Synpcc7942_2382
Q31KL6	Q31KL6_SYNE7	Synpcc7942_2373
Q31KM4	RF3_SYNE7	Synpcc7942_2365
Q31KM8	Q31KM8_SYNE7	Synpcc7942_2361
Q31KN7	Q31KN7_SYNE7	Synpcc7942_2352
Q31KP1	QUEA_SYNE7	Synpcc7942_2348
Q31KP9	DER_SYNE7	Synpcc7942_2340
Q31KQ2	Q31KQ2_SYNE7	Synpcc7942_2337
Q31KR6	Q31KR6_SYNE7	Synpcc7942_2323
Q31KR8	YCF3_SYNE7	Synpcc7942_2321
Q31KS9	Q31KS9_SYNE7	Synpcc7942_2310
Q31KT1	GCST_SYNE7	Synpcc7942_2308
Q31KT6	Q31KT6_SYNE7	Synpcc7942_2303
Q31KU0	RS15_SYNE7	Synpcc7942_2299
Q31KU1	RUVA_SYNE7	Synpcc7942_2298
Q31KU2	Q31KU2_SYNE7	Synpcc7942_2297
Q31KU8	Q31KU8_SYNE7	Synpcc7942_2291
Q31KU9	KDSB_SYNE7	Synpcc7942_2290
Q31KV0	KDSA_SYNE7	Synpcc7942_2289
Q31KV1	Q31KV1_SYNE7	Synpcc7942_2288
Q31KW0	Q31KW0_SYNE7	Synpcc7942_2279
Q31KW7	Q31KW7_SYNE7	Synpcc7942_2272
Q31KX4	PROA_SYNE7	Synpcc7942_2265
Q31KX6	SYH_SYNE7	Synpcc7942_2263
Q31KY0	RIMM_SYNE7	Synpcc7942_2259
Q31KY9	RECF_SYNE7	Synpcc7942_2250
Q31KZ2	MUTS_SYNE7	Synpcc7942_2247
Q31KZ4	PSBZ_SYNE7	Synpcc7942_2245
Q31KZ5	RISB_SYNE7	Synpcc7942_2244
Q31KZ6	Q31KZ6_SYNE7	Synpcc7942_2243
Q31KZ8	Q31KZ8_SYNE7	Synpcc7942_2241
Q31L04	TRMD_SYNE7	Synpcc7942_2235
Q31L05	NDHN_SYNE7	Synpcc7942_2234
Q31L07	RL3_SYNE7	Synpcc7942_2232
Q31L08	RL4_SYNE7	Synpcc7942_2231
Q31L09	RL23_SYNE7	Synpcc7942_2230
Q31L10	RL2_SYNE7	Synpcc7942_2229
Q31L11	RS19_SYNE7	Synpcc7942_2228
Q31L12	RL22_SYNE7	Synpcc7942_2227
Q31L13	RS3_SYNE7	Synpcc7942_2226
Q31L14	RL16_SYNE7	Synpcc7942_2225
Q31L15	RL29_SYNE7	Synpcc7942_2224
Q31L16	RS17_SYNE7	Synpcc7942_2223
Q31L17	RL14_SYNE7	Synpcc7942_2222
Q31L18	RL24_SYNE7	Synpcc7942_2221
Q31L19	RL5_SYNE7	Synpcc7942_2220
Q31L20	RS8_SYNE7	Synpcc7942_2219
Q31L21	RL6_SYNE7	Synpcc7942_2218
Q31L22	RL18_SYNE7	Synpcc7942_2217
Q31L27	RL36_SYNE7	Synpcc7942_2212
Q31L28	RS13_SYNE7	Synpcc7942_2211
Q31L29	RS11_SYNE7	Synpcc7942_2210
Q31L31	RL17_SYNE7	Synpcc7942_2208
Q31L33	RL13_SYNE7	Synpcc7942_2206
Q31L34	Q31L34_SYNE7	Synpcc7942_2205
Q31L35	RL31_SYNE7	Synpcc7942_2204
Q31L36	RF1_SYNE7	Synpcc7942_2203
Q31L49	Q31L49_SYNE7	Synpcc7942_2190
Q31L51	Q31L51_SYNE7	Synpcc7942_2188
Q31L58	Q31L58_SYNE7	Synpcc7942_2181
Q31L59	Q31L59_SYNE7	Synpcc7942_2180
Q31L60	Q31L60_SYNE7	Synpcc7942_2179
Q31L62	Q31L62_SYNE7	Synpcc7942_2177
Q31L71	Q31L71_SYNE7	Synpcc7942_2168
Q31L79	Q31L79_SYNE7	Synpcc7942_2160
Q31L83	Q31L83_SYNE7	Synpcc7942_2156
Q31L88	Q31L88_SYNE7	Synpcc7942_2151
Q31L96	Q31L96_SYNE7	Synpcc7942_2143
Q31LA2	Q31LA2_SYNE7	Synpcc7942_2137
Q31LB9	Q31LB9_SYNE7	Synpcc7942_2120
Q31LC2	GATA_SYNE7	Synpcc7942_2117
Q31LC9	FMT_SYNE7	Synpcc7942_2110
Q31LD8	Q31LD8_SYNE7	Synpcc7942_2101
Q31LD9	Q31LD9_SYNE7	Synpcc7942_2100
Q31LE0	Q31LE0_SYNE7	Synpcc7942_2099
Q31LE7	Q31LE7_SYNE7	Synpcc7942_2092
Q31LF9	PHK_SYNE7	Synpcc7942_2080
Q31LH9	Q31LH9_SYNE7	Synpcc7942_2060
Q31LI0	SEPF_SYNE7	Synpcc7942_2059
Q31LI1	Q31LI1_SYNE7	Synpcc7942_2058
Q31LI4	Q31LI4_SYNE7	Synpcc7942_2055
Q31LJ3	GCSH_SYNE7	Synpcc7942_2046
Q31LJ8	Q31LJ8_SYNE7	Synpcc7942_2041
Q31LK5	Q31LK5_SYNE7	Synpcc7942_2034
Q31LL6	RIMP_SYNE7	Synpcc7942_2023
Q31LL7	Q31LL7_SYNE7	Synpcc7942_2022
Q31LL9	IF2_SYNE7	Synpcc7942_2020
Q31LM3	PSBX_SYNE7	Synpcc7942_2016
Q31LN8	Q31LN8_SYNE7	Synpcc7942_2001
Q31LN9	Q31LN9_SYNE7	Synpcc7942_2000
Q31LP6	Q31LP6_SYNE7	Synpcc7942_1993
Q31LP8	MSCL_SYNE7	Synpcc7942_1991
Q31LP9	Q31LP9_SYNE7	Synpcc7942_1990
Q31LQ7	NDHM_SYNE7	Synpcc7942_1982
Q31LR2	Q31LR2_SYNE7	Synpcc7942_1977
Q31LS7	PSBY_SYNE7	Synpcc7942_1962
Q31LU4	UVRC_SYNE7	Synpcc7942_1945
Q31LU5	Q31LU5_SYNE7	Synpcc7942_1944
Q31LU7	Q31LU7_SYNE7	Synpcc7942_1942
Q31LV2	Q31LV2_SYNE7	Synpcc7942_1937
Q31LV4	Q31LV4_SYNE7	Synpcc7942_1935
Q31LW9	SYL_SYNE7	Synpcc7942_1920
Q31LX4	Q31LX4_SYNE7	Synpcc7942_1915
Q31LX7	Q31LX7_SYNE7	Synpcc7942_1912
Q31LX9	Q31LX9_SYNE7	Synpcc7942_1910
Q31LY2	ACSF_SYNE7	Synpcc7942_1907
Q31LY4	Q31LY4_SYNE7	Synpcc7942_1905
Q31LZ7	TRHO_SYNE7	Synpcc7942_1892
Q31LZ8	LABA_SYNE7	Synpcc7942_1891
Q31M07	PSBU_SYNE7	Synpcc7942_1882
Q31M08	Q31M08_SYNE7	Synpcc7942_1881
Q31M25	Q31M25_SYNE7	Synpcc7942_1864
Q31M26	Q31M26_SYNE7	Synpcc7942_1863
Q31M36	Q31M36_SYNE7	Synpcc7942_1853
Q31M40	Q31M40_SYNE7	Synpcc7942_1849
Q31M43	Q31M43_SYNE7	Synpcc7942_1846
Q31M64	Q31M64_SYNE7	Synpcc7942_1825
Q31M73	Q31M73_SYNE7	Synpcc7942_1816
Q31M83	Q31M83_SYNE7	Synpcc7942_1806
Q31M94	SSRP_SYNE7	Synpcc7942_1795
Q31M96	Q31M96_SYNE7	Synpcc7942_1793
Q31M99	Q31M99_SYNE7	Synpcc7942_1790
Q31MA7	Q31MA7_SYNE7	Synpcc7942_1782
Q31MB0	Q31MB0_SYNE7	Synpcc7942_1779
Q31MB5	RS21_SYNE7	Synpcc7942_1774
Q31MB7	RS16_SYNE7	Synpcc7942_1772
Q31MC2	Q31MC2_SYNE7	Synpcc7942_1767
Q31MC8	Q31MC8_SYNE7	Synpcc7942_1761
Q31MC9	Q31MC9_SYNE7	Synpcc7942_1760
Q31ME3	SIGA2_SYNE7	Synpcc7942_1746
Q31ME5	DNCH_SYNE7	Synpcc7942_1744
Q31MF1	Q31MF1_SYNE7	Synpcc7942_1738
Q31MH0	Q31MH0_SYNE7	Synpcc7942_1719
Q31MH2	Q31MH2_SYNE7	Synpcc7942_1717
Q31MH9	RPOZ_SYNE7	Synpcc7942_1710
Q31MI4	PSBI_SYNE7	Synpcc7942_1705
Q31MJ5	Q31MJ5_SYNE7	Synpcc7942_1694
Q31MK2	Q31MK2_SYNE7	Synpcc7942_1687
Q31ML0	PSB28_SYNE7	Synpcc7942_1679
Q31ML8	Q31ML8_SYNE7	Synpcc7942_1671
Q31MM1	Q31MM1_SYNE7	Synpcc7942_1668
Q31MN6	Q31MN6_SYNE7	Synpcc7942_1653
Q31MR5	Q31MR5_SYNE7	Synpcc7942_1624
Q31MS2	Q31MS2_SYNE7	Synpcc7942_1617
Q31MS4	RNPA_SYNE7	Synpcc7942_1615
Q31MS5	RL34_SYNE7	Synpcc7942_1614
Q31MS7	Q31MS7_SYNE7	Synpcc7942_1612
Q31MS8	Q31MS8_SYNE7	Synpcc7942_1611
Q31MS9	Q31MS9_SYNE7	Synpcc7942_1610
Q31MT1	Q31MT1_SYNE7	Synpcc7942_1608
Q31MV4	Q31MV4_SYNE7	Synpcc7942_1585
Q31MY4	THF1_SYNE7	Synpcc7942_1555
Q31MZ4	Q31MZ4_SYNE7	Synpcc7942_1545
Q31N07	Q31N07_SYNE7	Synpcc7942_1532
Q31N13	Q31N13_SYNE7	Synpcc7942_1526
Q31N18	Q31N18_SYNE7	Synpcc7942_1521
Q31N19	RS20_SYNE7	Synpcc7942_1520
Q31N21	Q31N21_SYNE7	Synpcc7942_1518
Q31N24	Q31N24_SYNE7	Synpcc7942_1515
Q31N25	Q31N25_SYNE7	Synpcc7942_1514
Q31N38	Q31N38_SYNE7	Synpcc7942_1501
Q31N39	PRMA_SYNE7	Synpcc7942_1500
Q31N73	Q31N73_SYNE7	Synpcc7942_1466
Q31N82	Q31N82_SYNE7	Synpcc7942_1457
Q31N83	Q31N83_SYNE7	Synpcc7942_1456
Q31N87	Q31N87_SYNE7	Synpcc7942_1452
Q31N90	LPXD_SYNE7	Synpcc7942_1449
Q31N98	Q31N98_SYNE7	Synpcc7942_1441
Q31N99	KHSE_SYNE7	Synpcc7942_1440
Q31NA1	Q31NA1_SYNE7	Synpcc7942_1438
Q31ND9	Q31ND9_SYNE7	Synpcc7942_1400
Q31NE1	Q31NE1_SYNE7	Synpcc7942_1398
Q31NF6	Q31NF6_SYNE7	Synpcc7942_1383
Q31NG1	Q31NG1_SYNE7	Synpcc7942_1378
Q31NG8	Q31NG8_SYNE7	Synpcc7942_1371
Q31NH0	RECR_SYNE7	Synpcc7942_1369
Q31NI2	Q31NI2_SYNE7	Synpcc7942_1357
Q31NJ4	Q31NJ4_SYNE7	Synpcc7942_1345
Q31NJ7	Q31NJ7_SYNE7	Synpcc7942_1342
Q31NJ9	Q31NJ9_SYNE7	Synpcc7942_1340
Q31NL3	Q31NL3_SYNE7	Synpcc7942_1326
Q31NL4	Q31NL4_SYNE7	Synpcc7942_1325
Q31NL7	PSAE_SYNE7	Synpcc7942_1322
Q31NM0	Q31NM0_SYNE7	Synpcc7942_1319
Q31NN1	Q31NN1_SYNE7	Synpcc7942_1308
Q31NN8	Q31NN8_SYNE7	Synpcc7942_1301
Q31NN9	Q31NN9_SYNE7	Synpcc7942_1300
Q31NP5	Q31NP5_SYNE7	Synpcc7942_1294
Q31NR1	RL35_SYNE7	Synpcc7942_1278
Q31NR2	RL20_SYNE7	Synpcc7942_1277
Q31NS0	Q31NS0_SYNE7	Synpcc7942_1269
Q31NS9	Q31NS9_SYNE7	Synpcc7942_1260
Q31NT9	Q31NT9_SYNE7	Synpcc7942_1250
Q31NU0	PSAJ_SYNE7	Synpcc7942_1249
Q31NU3	Q31NU3_SYNE7	Synpcc7942_1246
Q31NV9	LGT_SYNE7	Synpcc7942_1230
Q31NZ1	Q31NZ1_SYNE7	Synpcc7942_1198
Q31P11	YCF48_SYNE7	Synpcc7942_1178
Q31P17	Q31P17_SYNE7	Synpcc7942_1172
Q31P32	Q31P32_SYNE7	Synpcc7942_1157
Q31P37	Q31P37_SYNE7	Synpcc7942_1152
Q31P40	Q31P40_SYNE7	Synpcc7942_1149
Q31P51	Q31P51_SYNE7	Synpcc7942_1138
Q31P53	Q31P53_SYNE7	Synpcc7942_1136
Q31P54	Q31P54_SYNE7	Synpcc7942_1135
Q31P56	Q31P56_SYNE7	Synpcc7942_1133
Q31P66	RS18_SYNE7	Synpcc7942_1123
Q31P67	RL33_SYNE7	Synpcc7942_1122
Q31P75	Q31P75_SYNE7	Synpcc7942_1114
Q31P77	Q31P77_SYNE7	Synpcc7942_1112
Q31P78	Q31P78_SYNE7	Synpcc7942_1111
Q31P80	Q31P80_SYNE7	Synpcc7942_1109
Q31P89	Q31P89_SYNE7	Synpcc7942_1100
Q31P90	MENG_SYNE7	Synpcc7942_1099
Q31PB0	Q31PB0_SYNE7	Synpcc7942_1079
Q31PC1	Q31PC1_SYNE7	Synpcc7942_1068
Q31PC4	Q31PC4_SYNE7	Synpcc7942_1065
Q31PC9	Q31PC9_SYNE7	Synpcc7942_1060
Q31PF9	HIS8_SYNE7	Synpcc7942_1030
Q31PG3	Q31PG3_SYNE7	Synpcc7942_1026
Q31PH0	Q31PH0_SYNE7	Synpcc7942_1019
Q31PH5	Q31PH5_SYNE7	Synpcc7942_1014
Q31PI1	Q31PI1_SYNE7	Synpcc7942_1008
Q31PI7	Q31PI7_SYNE7	Synpcc7942_1002
Q31PI8	Q31PI8_SYNE7	Synpcc7942_1001
Q31PJ2	RL32_SYNE7	Synpcc7942_0997
Q31PJ8	PXCA_SYNE7	Synpcc7942_0991
Q31PK5	RECO_SYNE7	Synpcc7942_0984
Q31PL1	Q31PL1_SYNE7	Synpcc7942_0978
Q31PL2	Q31PL2_SYNE7	Synpcc7942_0977
Q31PL4	RSMH_SYNE7	Synpcc7942_0975
Q31PL6	Q31PL6_SYNE7	Synpcc7942_0973
Q31PN8	Q31PN8_SYNE7	Synpcc7942_0951
Q31PP5	Q31PP5_SYNE7	Synpcc7942_0944
Q31PQ7	Q31PQ7_SYNE7	Synpcc7942_0932
Q31PQ9	FABZ_SYNE7	Synpcc7942_0930
Q31PR2	Q31PR2_SYNE7	Synpcc7942_0927
Q31PR4	Q31PR4_SYNE7	Synpcc7942_0925
Q31PR7	Q31PR7_SYNE7	Synpcc7942_0922
Q31PR9	Q31PR9_SYNE7	Synpcc7942_0920
Q31PU2	MINE_SYNE7	Synpcc7942_0897
Q31PU3	Q31PU3_SYNE7	Synpcc7942_0896
Q31PU9	Q31PU9_SYNE7	Synpcc7942_0890
Q31PV3	RS7_SYNE7	Synpcc7942_0886
Q31PV4	EFG_SYNE7	Synpcc7942_0885
Q31PV6	RS10_SYNE7	Synpcc7942_0883
Q31PV8	Q31PV8_SYNE7	Synpcc7942_0881
Q31PY0	Q31PY0_SYNE7	Synpcc7942_0859
Q31PZ2	Q31PZ2_SYNE7	Synpcc7942_0846
Q31Q07	Q31Q07_SYNE7	Synpcc7942_0830
Q31Q11	Q31Q11_SYNE7	Synpcc7942_0826
Q31Q20	Q31Q20_SYNE7	Synpcc7942_0817
Q31Q31	Q31Q31_SYNE7	Synpcc7942_0806
Q31Q50	Q31Q50_SYNE7	Synpcc7942_0787
Q31Q52	Q31Q52_SYNE7	Synpcc7942_0785
Q31Q54	HIS1_SYNE7	Synpcc7942_0783
Q31Q56	Q31Q56_SYNE7	Synpcc7942_0781
Q31QD8	PSBM_SYNE7	Synpcc7942_0699
Q31QE1	PSBT_SYNE7	Synpcc7942_0696
Q31QE2	NRDR_SYNE7	Synpcc7942_0695
Q31QE7	CLPS_SYNE7	Synpcc7942_0690
Q31QF3	Q31QF3_SYNE7	Synpcc7942_0684
Q31QF6	ISPD_SYNE7	Synpcc7942_0681
Q31QF7	Q31QF7_SYNE7	Synpcc7942_0680
Q31QG4	Q31QG4_SYNE7	Synpcc7942_0673
Q31QG5	SIGA3_SYNE7	Synpcc7942_0672
Q31QI3	YCF4_SYNE7	Synpcc7942_0654
Q31QI4	Q31QI4_SYNE7	Synpcc7942_0653
Q31QJ0	Q31QJ0_SYNE7	Synpcc7942_0647
Q31QK1	Q31QK1_SYNE7	Synpcc7942_0636
Q31QK2	Q31QK2_SYNE7	Synpcc7942_0635
Q31QK3	RL11_SYNE7	Synpcc7942_0634
Q31QK4	RL1_SYNE7	Synpcc7942_0633
Q31QK5	RL10_SYNE7	Synpcc7942_0632
Q31QK6	RL7_SYNE7	Synpcc7942_0631
Q31QL4	Q31QL4_SYNE7	Synpcc7942_0623
Q31QL5	Q31QL5_SYNE7	Synpcc7942_0622
Q31QL9	Q31QL9_SYNE7	Synpcc7942_0618
Q31QM1	HRCA_SYNE7	Synpcc7942_0616
Q31QM5	Q31QM5_SYNE7	Synpcc7942_0612
Q31QN1	Q31QN1_SYNE7	Synpcc7942_0606
Q31QN7	Q31QN7_SYNE7	Synpcc7942_0600
Q31QP5	Q31QP5_SYNE7	Synpcc7942_0592
Q31QP6	Q31QP6_SYNE7	Synpcc7942_0591
Q31QP7	Q31QP7_SYNE7	Synpcc7942_0590
Q31QQ4	Q31QQ4_SYNE7	Synpcc7942_0583
Q31QQ7	Q31QQ7_SYNE7	Synpcc7942_0580
Q31QR8	SIGA4_SYNE7	Synpcc7942_0569
Q31QS8	HSLO_SYNE7	Synpcc7942_0559
Q31QT3	Q31QT3_SYNE7	Synpcc7942_0554
Q31QU9	Q31QU9_SYNE7	Synpcc7942_0538
Q31QV0	Q31QV0_SYNE7	Synpcc7942_0537
Q31QV1	ACP_SYNE7	Synpcc7942_0536
Q31QV8	Q31QV8_SYNE7	Synpcc7942_0529
Q31QX6	CCSA_SYNE7	Synpcc7942_0511
Q31QX7	Q31QX7_SYNE7	Synpcc7942_0510
Q31QY0	RRF_SYNE7	Synpcc7942_0507
Q31QY9	Q31QY9_SYNE7	Synpcc7942_0498
Q31QZ8	Q31QZ8_SYNE7	Synpcc7942_0489
Q31QZ9	Q31QZ9_SYNE7	Synpcc7942_0488
Q31R00	Q31R00_SYNE7	Synpcc7942_0487
Q31R09	Q31R09_SYNE7	Synpcc7942_0478
Q31R12	PETN_SYNE7	Synpcc7942_0475
Q31R15	EX7S_SYNE7	Synpcc7942_0472
Q31R21	Q31R21_SYNE7	Synpcc7942_0466
Q31R28	Q31R28_SYNE7	Synpcc7942_0459
Q31R29	Q31R29_SYNE7	Synpcc7942_0458
Q31R39	Q31R39_SYNE7	Synpcc7942_0448
Q31R45	Q31R45_SYNE7	Synpcc7942_0442
Q31R47	Q31R47_SYNE7	Synpcc7942_0440
Q31R66	Q31R66_SYNE7	Synpcc7942_0421
Q31R76	TRPA_SYNE7	Synpcc7942_0411
Q31R79	TRPF_SYNE7	Synpcc7942_0408
Q31R80	Q31R80_SYNE7	Synpcc7942_0407
Q31R83	Q31R83_SYNE7	Synpcc7942_0404
Q31R85	YBEY_SYNE7	Synpcc7942_0402
Q31R86	Q31R86_SYNE7	Synpcc7942_0401
Q31R87	Q31R87_SYNE7	Synpcc7942_0400
Q31R90	Q31R90_SYNE7	Synpcc7942_0397
Q31R93	Q31R93_SYNE7	Synpcc7942_0394
Q31R95	Q31R95_SYNE7	Synpcc7942_0392
Q31RA0	Q31RA0_SYNE7	Synpcc7942_0387
Q31RA1	Q31RA1_SYNE7	Synpcc7942_0386
Q31RA2	Q31RA2_SYNE7	Synpcc7942_0385
Q31RA9	Q31RA9_SYNE7	Synpcc7942_0378
Q31RB2	Q31RB2_SYNE7	Synpcc7942_0375
Q31RB9	Q31RB9_SYNE7	Synpcc7942_0368
Q31RD2	RBFA_SYNE7	Synpcc7942_0355
Q31RD3	Q31RD3_SYNE7	Synpcc7942_0354
Q31RE1	Q31RE1_SYNE7	Synpcc7942_0346
Q31RE4	Q31RE4_SYNE7	Synpcc7942_0343
Q31RF0	ATPG_SYNE7	Synpcc7942_0337
Q31RF2	ATPD_SYNE7	Synpcc7942_0335
Q31RF3	ATPF_SYNE7	Synpcc7942_0334
Q31RF6	ATP6_SYNE7	Synpcc7942_0331
Q31RF9	Q31RF9_SYNE7	Synpcc7942_0328
Q31RG0	Q31RG0_SYNE7	Synpcc7942_0327
Q31RG1	Q31RG1_SYNE7	Synpcc7942_0326
Q31RG2	Q31RG2_SYNE7	Synpcc7942_0325
Q31RG3	Q31RG3_SYNE7	Synpcc7942_0324
Q31RG5	CCS1_SYNE7	Synpcc7942_0322
Q31RG7	Q31RG7_SYNE7	Synpcc7942_0320
Q31RH2	Q31RH2_SYNE7	Synpcc7942_0315
Q31RI5	Q31RI5_SYNE7	Synpcc7942_0302
Q31RI7	Q31RI7_SYNE7	Synpcc7942_0300
Q31RJ2	SAT_SYNE7	Synpcc7942_0295
Q31RK4	Q31RK4_SYNE7	Synpcc7942_0283
Q31RK6	Q31RK6_SYNE7	Synpcc7942_0281
Q31RM0	RSMG_SYNE7	Synpcc7942_0267
Q31RP3	Q31RP3_SYNE7	Synpcc7942_0244
Q31RP7	Q31RP7_SYNE7	Synpcc7942_0240
Q31RP8	Q31RP8_SYNE7	Synpcc7942_0239
Q31RR0	PTH_SYNE7	Synpcc7942_0227
Q31RR1	TATA_SYNE7	Synpcc7942_0226
Q31RR2	PSBH_SYNE7	Synpcc7942_0225
Q31RR3	PSBN_SYNE7	Synpcc7942_0224
Q31RR6	Q31RR6_SYNE7	Synpcc7942_0221
Q31RS6	COBQ_SYNE7	Synpcc7942_0211
Q31RS8	NTPP_SYNE7	Synpcc7942_0209
Q31RT1	Q31RT1_SYNE7	Synpcc7942_0206
Q31RT5	Q31RT5_SYNE7	Synpcc7942_0202
Q31RU3	Q31RU3_SYNE7	Synpcc7942_0194
Q31RU6	Q31RU6_SYNE7	Synpcc7942_0191
Q31RU7	CBID_SYNE7	Synpcc7942_0190
Q31RW3	Q31RW3_SYNE7	Synpcc7942_0174
Q31RX3	Q31RX3_SYNE7	Synpcc7942_0164
Q31RX7	Q31RX7_SYNE7	Synpcc7942_0160
Q31RY1	Q31RY1_SYNE7	Synpcc7942_0156
Q31RY6	Q31RY6_SYNE7	Synpcc7942_0151
Q31RY7	Q31RY7_SYNE7	Synpcc7942_0150
Q31RZ4	Q31RZ4_SYNE7	Synpcc7942_0143
Q31RZ5	Q31RZ5_SYNE7	Synpcc7942_0142
Q31RZ6	Q31RZ6_SYNE7	Synpcc7942_0141
Q31S11	Q31S11_SYNE7	Synpcc7942_0126
Q31S12	HIS7_SYNE7	Synpcc7942_0125
Q31S15	Q31S15_SYNE7	Synpcc7942_0122
Q31S21	Q31S21_SYNE7	Synpcc7942_0116
Q31S25	Q31S25_SYNE7	Synpcc7942_0112
Q31S29	Q31S29_SYNE7	Synpcc7942_0108
Q31S31	Q31S31_SYNE7	Synpcc7942_0106
Q31S72	Q31S72_SYNE7	Synpcc7942_0065
Q31S83	Q31S83_SYNE7	Synpcc7942_0054
Q31S95	RL28_SYNE7	Synpcc7942_0042
Q31S97	Q31S97_SYNE7	Synpcc7942_0040
Q31SB4	Q31SB4_SYNE7	Synpcc7942_0023
Q31SB9	Q31SB9_SYNE7	Synpcc7942_0018
Q31SC2	Y015_SYNE7	Synpcc7942_0015
Q31SC5	RS6_SYNE7	Synpcc7942_0012
Q44115	CPCE_SYNE7	Synpcc7942_1054
Q44116	CPCF_SYNE7	Synpcc7942_1055
Q54710	PETD_SYNE7	Synpcc7942_2332
Q54754	Q54754_SYNE7	
Q54760	EFP_SYNE7	Synpcc7942_2565
Q54761	Q54761_SYNE7	Synpcc7942_2564
Q54762	Q54762_SYNE7	Synpcc7942_2563
Q54774	Q54774_SYNE7	Synpcc7942_1953
Q55019	HLIA_SYNE7	Synpcc7942_1997
Q55026	SRPB_SYNE7	Synpcc7942_B2621
Q55027	SRPC_SYNE7	Synpcc7942_B2622
Q55106	CMPB_SYNE7	Synpcc7942_1489
Q55267	HISZ_SYNE7	Synpcc7942_0813
Q56002	CYSE_SYNE7	Synpcc7942_2420
Q56209	MOAD_SYNE7	Synpcc7942_1284
Q59967	SRPH_SYNE7	Synpcc7942_B2663
Q59984	GRPE_SYNE7	Synpcc7942_2072
Q71MI7	Q71MI7_SYNE7	Synpcc7942_B2659
Q769G0	Q769G0_SYNE7	
Q79AV0	Q79AV0_SYNE7	Synpcc7942_0446
Q79AV1	PSBK_SYNE7	Synpcc7942_0456
Q79N42	Q79N42_SYNE7	Synpcc7942_1813
Q79PF1	Q79PF1_SYNE7	Synpcc7942_1213
Q79PF2	Q79PF2_SYNE7	Synpcc7942_1214
Q7X4B0	Q7X4B0_SYNE7	
Q7X4K8	Q7X4K8_SYNE7	Synpcc7942_2309
Q83ZP4	Q83ZP4_SYNE7	
Q8GA98	Q8GA98_SYNE7	Synpcc7942_0428
Q8GAA3	Q8GAA3_SYNE7	
Q8GIR4	Q8GIR4_SYNE7	
Q8GIR7	NUSB_SYNE7	Synpcc7942_2471
Q8GIS1	ARLY_SYNE7	Synpcc7942_2475
Q8GJK7	Q8GJK7_SYNE7	
Q8GJL6	Q8GJL6_SYNE7	
Q8GJM0	HIS4_SYNE7	Synpcc7942_1829
Q8GJN4	Q8GJN4_SYNE7	Synpcc7942_1842
Q8GMR3	Q8GMR3_SYNE7	Synpcc7942_0441
Q8GMR6	Q8GMR6_SYNE7	
Q8GMS4	Q8GMS4_SYNE7	
Q8GMS5	Q8GMS5_SYNE7	
Q8GMT0	Y464_SYNE7	Synpcc7942_0464
Q8GMT2	Q8GMT2_SYNE7	
Q8GMT4	Q8GMT4_SYNE7	Synpcc7942_0468
Q8KIY0	TRUB_SYNE7	Synpcc7942_1222
Q8KPP0	PSBJ_SYNE7	Synpcc7942_1174
Q8KPP1	PSBL_SYNE7	Synpcc7942_1175
Q8KPP5	Q8KPP5_SYNE7	Synpcc7942_1179
Q8KPP7	Q8KPP7_SYNE7	
Q8KPQ0	Q8KPQ0_SYNE7	Synpcc7942_1184
Q8KPR4	TRPC_SYNE7	Synpcc7942_1197
Q8KPR5	Q8KPR5_SYNE7	
Q8KPS9	PCYA_SYNE7	Synpcc7942_1225
Q8KPT4	Q8KPT4_SYNE7	
Q8KPT8	Q8KPT8_SYNE7	Synpcc7942_1586
Q8KPT9	Q8KPT9_SYNE7	
Q8KPU7	Q8KPU7_SYNE7	
Q8KPU8	Q8KPU8_SYNE7	Synpcc7942_1578
Q8KPU9	SYR_SYNE7	Synpcc7942_1577
Q8KUV2	XER_SYNE7	Synpcc7942_B2651
Q8RQ68	Q8RQ68_SYNE7	Synpcc7942_0924
Q8VPU9	Q8VPU9_SYNE7	Synpcc7942_0609
Q8VPV4	Q8VPV4_SYNE7	Synpcc7942_0309
Q8VPV8	Q8VPV8_SYNE7	
Q8VPV9	Q8VPV9_SYNE7	Synpcc7942_2091
Q8VPW0	Q8VPW0_SYNE7	
Q935W9	Q935W9_SYNE7	Synpcc7942_2495
Q935X2	Q935X2_SYNE7	Synpcc7942_2501
Q935X4	Q935X4_SYNE7	Synpcc7942_2503
Q935Y4	OTC_SYNE7	Synpcc7942_2514
Q935Y5	Q935Y5_SYNE7	
Q93A73	Q93A73_SYNE7	
Q93IP6	Q93IP6_SYNE7	
Q93RM1	Q93RM1_SYNE7	
Q9ALA7	Q9ALA7_SYNE7	Synpcc7942_1978
Q9ALA8	Q9ALA8_SYNE7	
Q9F1R2	CMPR_SYNE7	Synpcc7942_1310
Q9F1R3	Q9F1R3_SYNE7	Synpcc7942_1309
Q9F1R4	Q9F1R4_SYNE7	
Q9L4P4	CLPR_SYNE7	Synpcc7942_2538
Q9LBV7	Q9LBV7_SYNE7	
Q9R6V6	Q9R6V6_SYNE7	Synpcc7942_B2623
Q9R6W2	Q9R6W2_SYNE7	Synpcc7942_1742
Q9WWJ6	Q9WWJ6_SYNE7	
Q9WWL7	Q9WWL7_SYNE7	Synpcc7942_1939
Q9Z3G1	PETG_SYNE7	Synpcc7942_1479
Q9Z3G6	Q9Z3G6_SYNE7	Synpcc7942_1858
Q9Z3H5	RL21_SYNE7	Synpcc7942_1219
Q9Z3H6	RL27_SYNE7	Synpcc7942_1220
A0A140E9L4	A0A140E9L4_SYNE7	
A0A140E9L7	A0A140E9L7_SYNE7	
A0A140E9L8	A0A140E9L8_SYNE7	
A0A140E9L9	A0A140E9L9_SYNE7	
A0A140E9M0	A0A140E9M0_SYNE7	
A8DZ36	A8DZ36_SYNE7	
A8DZ37	A8DZ37_SYNE7	
O05159	O05159_SYNE7	
O05160	O05160_SYNE7	
O05162	O05162_SYNE7	
O05163	O05163_SYNE7	
O05347	O05347_SYNE7	Synpcc7942_2105
O06454	O06454_SYNE7	
O06867	O06867_SYNE7	
O07334	O07334_SYNE7	
O33699	O33699_SYNE7	Synpcc7942_1592
O33700	O33700_SYNE7	Synpcc7942_2578
O50208	O50208_SYNE7	Synpcc7942_2159
O50211	O50211_SYNE7	
O50544	O50544_SYNE7	
O54307	O54307_SYNE7	
O66226	O66226_SYNE7	
O68867	O68867_SYNE7	Synpcc7942_0197
O68868	O68868_SYNE7	
O85784	O85784_SYNE7	
O86102	O86102_SYNE7	
P35086	Y2126_SYNE7	Synpcc7942_2126
P37372	Y2318_SYNE7	Synpcc7942_2318
P42460	Y270_SYNE7	Synpcc7942_0270
P72543	P72543_SYNE7	
P72544	P72544_SYNE7	
P72545	P72545_SYNE7	
P72547	P72547_SYNE7	Synpcc7942_0357
P72548	P72548_SYNE7	
P72549	P72549_SYNE7	Synpcc7942_2341
P72557	P72557_SYNE7	Synpcc7942_B2644
P72558	P72558_SYNE7	
P72559	P72559_SYNE7	Synpcc7942_B2645
P72561	P72561_SYNE7	
P72562	P72562_SYNE7	Synpcc7942_B2649
P72563	P72563_SYNE7	
P95828	P95828_SYNE7	
P95838	P95838_SYNE7	
Q07948	Q07948_SYNE7	Synpcc7942_2008
Q31JS8	Q31JS8_SYNE7	Synpcc7942_B2660
Q31JT6	Q31JT6_SYNE7	Synpcc7942_B2642
Q31JT7	Q31JT7_SYNE7	Synpcc7942_B2641
Q31JU1	Q31JU1_SYNE7	Synpcc7942_B2658
Q31JU4	Q31JU4_SYNE7	Synpcc7942_B2634
Q31JU8	Q31JU8_SYNE7	Synpcc7942_B2632
Q31JV0	Q31JV0_SYNE7	Synpcc7942_B2652
Q31JX8	Q31JX8_SYNE7	Synpcc7942_2611
Q31JX9	Q31JX9_SYNE7	Synpcc7942_2610
Q31JY0	Q31JY0_SYNE7	Synpcc7942_2609
Q31JY1	Q31JY1_SYNE7	Synpcc7942_2608
Q31JY4	Q31JY4_SYNE7	Synpcc7942_2605
Q31JY8	Q31JY8_SYNE7	Synpcc7942_2601
Q31JZ1	Q31JZ1_SYNE7	Synpcc7942_2598
Q31JZ2	Q31JZ2_SYNE7	Synpcc7942_2597
Q31JZ3	Q31JZ3_SYNE7	Synpcc7942_2596
Q31JZ4	Q31JZ4_SYNE7	Synpcc7942_2595
Q31JZ5	Q31JZ5_SYNE7	Synpcc7942_2594
Q31JZ6	Q31JZ6_SYNE7	Synpcc7942_2593
Q31JZ8	Q31JZ8_SYNE7	Synpcc7942_2591
Q31JZ9	Q31JZ9_SYNE7	Synpcc7942_2590
Q31K01	Q31K01_SYNE7	Synpcc7942_2588
Q31K02	Q31K02_SYNE7	Synpcc7942_2587
Q31K03	Q31K03_SYNE7	Synpcc7942_2586
Q31K04	Q31K04_SYNE7	Synpcc7942_2585
Q31K05	Q31K05_SYNE7	Synpcc7942_2584
Q31K06	Q31K06_SYNE7	Synpcc7942_2583
Q31K08	Q31K08_SYNE7	Synpcc7942_2581
Q31K14	Q31K14_SYNE7	Synpcc7942_2575
Q31K15	Q31K15_SYNE7	Synpcc7942_2574
Q31K16	Q31K16_SYNE7	Synpcc7942_2573
Q31K17	Q31K17_SYNE7	Synpcc7942_2572
Q31K21	Q31K21_SYNE7	Synpcc7942_2568
Q31K23	Q31K23_SYNE7	Synpcc7942_2566
Q31K29	Q31K29_SYNE7	Synpcc7942_2560
Q31K31	Q31K31_SYNE7	Synpcc7942_2558
Q31K32	Q31K32_SYNE7	Synpcc7942_2557
Q31K33	Q31K33_SYNE7	Synpcc7942_2556
Q31K34	Q31K34_SYNE7	Synpcc7942_2555
Q31K35	Q31K35_SYNE7	Synpcc7942_2554
Q31K37	Q31K37_SYNE7	Synpcc7942_2552
Q31K39	Q31K39_SYNE7	Synpcc7942_2550
Q31K40	Q31K40_SYNE7	Synpcc7942_2549
Q31K42	Q31K42_SYNE7	Synpcc7942_2547
Q31K43	Q31K43_SYNE7	Synpcc7942_2546
Q31K44	Q31K44_SYNE7	Synpcc7942_2545
Q31K45	Q31K45_SYNE7	Synpcc7942_2544
Q31K47	Q31K47_SYNE7	Synpcc7942_2542
Q31K49	Q31K49_SYNE7	Synpcc7942_2540
Q31K50	Q31K50_SYNE7	Synpcc7942_2539
Q31K53	Q31K53_SYNE7	Synpcc7942_2536
Q31K54	Q31K54_SYNE7	Synpcc7942_2535
Q31K55	Q31K55_SYNE7	Synpcc7942_2534
Q31K56	Q31K56_SYNE7	Synpcc7942_2533
Q31K57	Q31K57_SYNE7	Synpcc7942_2532
Q31K60	Q31K60_SYNE7	Synpcc7942_2529
Q31K61	Q31K61_SYNE7	Synpcc7942_2528
Q31K62	Q31K62_SYNE7	Synpcc7942_2527
Q31K66	Q31K66_SYNE7	Synpcc7942_2523
Q31K69	Q31K69_SYNE7	Synpcc7942_2520
Q31K70	Q31K70_SYNE7	Synpcc7942_2519
Q31K72	Q31K72_SYNE7	Synpcc7942_2517
Q31K73	Q31K73_SYNE7	Synpcc7942_2516
Q31K76	Q31K76_SYNE7	Synpcc7942_2513
Q31K80	Q31K80_SYNE7	Synpcc7942_2509
Q31K82	Q31K82_SYNE7	Synpcc7942_2507
Q31K85	Q31K85_SYNE7	Synpcc7942_2504
Q31K87	Q31K87_SYNE7	Synpcc7942_2502
Q31K89	Q31K89_SYNE7	Synpcc7942_2500
Q31K97	Q31K97_SYNE7	Synpcc7942_2492
Q31KA0	Q31KA0_SYNE7	Synpcc7942_2489
Q31KA1	Q31KA1_SYNE7	Synpcc7942_2488
Q31KA6	Q31KA6_SYNE7	Synpcc7942_2483
Q31KB0	Q31KB0_SYNE7	Synpcc7942_2479
Q31KB3	Q31KB3_SYNE7	Synpcc7942_2476
Q31KB9	Q31KB9_SYNE7	Synpcc7942_2470
Q31KC0	Q31KC0_SYNE7	Synpcc7942_2469
Q31KC3	Q31KC3_SYNE7	Synpcc7942_2466
Q31KC4	Q31KC4_SYNE7	Synpcc7942_2465
Q31KC8	Q31KC8_SYNE7	Synpcc7942_2461
Q31KD0	Q31KD0_SYNE7	Synpcc7942_2459
Q31KD1	Q31KD1_SYNE7	Synpcc7942_2458
Q31KD3	Q31KD3_SYNE7	Synpcc7942_2456
Q31KD4	Q31KD4_SYNE7	Synpcc7942_2455
Q31KD6	Q31KD6_SYNE7	Synpcc7942_2453
Q31KD7	Q31KD7_SYNE7	Synpcc7942_2452
Q31KD8	Q31KD8_SYNE7	Synpcc7942_2451
Q31KE2	Q31KE2_SYNE7	Synpcc7942_2447
Q31KF0	Q31KF0_SYNE7	Synpcc7942_2439
Q31KF1	Q31KF1_SYNE7	Synpcc7942_2438
Q31KF4	Q31KF4_SYNE7	Synpcc7942_2435
Q31KF6	Q31KF6_SYNE7	Synpcc7942_2433
Q31KF7	Q31KF7_SYNE7	Synpcc7942_2432
Q31KF8	Q31KF8_SYNE7	Synpcc7942_2431
Q31KF9	Q31KF9_SYNE7	Synpcc7942_2430
Q31KG0	Q31KG0_SYNE7	Synpcc7942_2429
Q31KG1	Q31KG1_SYNE7	Synpcc7942_2428
Q31KG2	Q31KG2_SYNE7	Synpcc7942_2427
Q31KG4	Q31KG4_SYNE7	Synpcc7942_2425
Q31KG5	Q31KG5_SYNE7	Synpcc7942_2424
Q31KG7	Q31KG7_SYNE7	Synpcc7942_2422
Q31KG8	Q31KG8_SYNE7	Synpcc7942_2421
Q31KH0	Q31KH0_SYNE7	Synpcc7942_2419
Q31KH2	Q31KH2_SYNE7	Synpcc7942_2417
Q31KH3	Q31KH3_SYNE7	Synpcc7942_2416
Q31KH5	Q31KH5_SYNE7	Synpcc7942_2414
Q31KH6	Q31KH6_SYNE7	Synpcc7942_2413
Q31KH7	Q31KH7_SYNE7	Synpcc7942_2412
Q31KH8	Q31KH8_SYNE7	Synpcc7942_2411
Q31KI1	Q31KI1_SYNE7	Synpcc7942_2408
Q31KI2	Q31KI2_SYNE7	Synpcc7942_2407
Q31KI3	Q31KI3_SYNE7	Synpcc7942_2406
Q31KI4	Q31KI4_SYNE7	Synpcc7942_2405
Q31KI5	Q31KI5_SYNE7	Synpcc7942_2404
Q31KI6	Q31KI6_SYNE7	Synpcc7942_2403
Q31KI7	Q31KI7_SYNE7	Synpcc7942_2402
Q31KI8	Q31KI8_SYNE7	Synpcc7942_2401
Q31KI9	Q31KI9_SYNE7	Synpcc7942_2400
Q31KJ0	Q31KJ0_SYNE7	Synpcc7942_2399
Q31KJ2	Q31KJ2_SYNE7	Synpcc7942_2397
Q31KJ3	Q31KJ3_SYNE7	Synpcc7942_2396
Q31KJ4	Q31KJ4_SYNE7	Synpcc7942_2395
Q31KJ7	Q31KJ7_SYNE7	Synpcc7942_2392
Q31KJ8	Q31KJ8_SYNE7	Synpcc7942_2391
Q31KJ9	Q31KJ9_SYNE7	Synpcc7942_2390
Q31KK0	Q31KK0_SYNE7	Synpcc7942_2389
Q31KK1	Q31KK1_SYNE7	Synpcc7942_2388
Q31KK2	Q31KK2_SYNE7	Synpcc7942_2387
Q31KK3	Q31KK3_SYNE7	Synpcc7942_2386
Q31KK4	Q31KK4_SYNE7	Synpcc7942_2385
Q31KK6	Q31KK6_SYNE7	Synpcc7942_2383
Q31KK9	Q31KK9_SYNE7	Synpcc7942_2380
Q31KL2	Q31KL2_SYNE7	Synpcc7942_2377
Q31KL3	Q31KL3_SYNE7	Synpcc7942_2376
Q31KL7	Q31KL7_SYNE7	Synpcc7942_2372
Q31KL8	Q31KL8_SYNE7	Synpcc7942_2371
Q31KL9	Q31KL9_SYNE7	Synpcc7942_2370
Q31KM0	Q31KM0_SYNE7	Synpcc7942_2369
Q31KM1	Q31KM1_SYNE7	Synpcc7942_2368
Q31KM2	Q31KM2_SYNE7	Synpcc7942_2367
Q31KM3	Q31KM3_SYNE7	Synpcc7942_2366
Q31KM5	Q31KM5_SYNE7	Synpcc7942_2364
Q31KM6	Q31KM6_SYNE7	Synpcc7942_2363
Q31KM7	Q31KM7_SYNE7	Synpcc7942_2362
Q31KM9	Q31KM9_SYNE7	Synpcc7942_2360
Q31KN0	Q31KN0_SYNE7	Synpcc7942_2359
Q31KN1	Q31KN1_SYNE7	Synpcc7942_2358
Q31KN2	Q31KN2_SYNE7	Synpcc7942_2357
Q31KN3	Q31KN3_SYNE7	Synpcc7942_2356
Q31KN4	Q31KN4_SYNE7	Synpcc7942_2355
Q31KN5	Q31KN5_SYNE7	Synpcc7942_2354
Q31KN8	Y2351_SYNE7	Synpcc7942_2351
Q31KN9	Q31KN9_SYNE7	Synpcc7942_2350
Q31KP0	Q31KP0_SYNE7	Synpcc7942_2349
Q31KP2	Q31KP2_SYNE7	Synpcc7942_2347
Q31KP3	Q31KP3_SYNE7	Synpcc7942_2346
Q31KP5	Q31KP5_SYNE7	Synpcc7942_2344
Q31KQ0	Q31KQ0_SYNE7	Synpcc7942_2339
Q31KQ1	Q31KQ1_SYNE7	Synpcc7942_2338
Q31KQ3	Q31KQ3_SYNE7	Synpcc7942_2336
Q31KQ9	Q31KQ9_SYNE7	Synpcc7942_2330
Q31KR0	Q31KR0_SYNE7	Synpcc7942_2329
Q31KR1	Q31KR1_SYNE7	Synpcc7942_2328
Q31KR2	Q31KR2_SYNE7	Synpcc7942_2327
Q31KR3	Q31KR3_SYNE7	Synpcc7942_2326
Q31KR4	Q31KR4_SYNE7	Synpcc7942_2325
Q31KR9	Q31KR9_SYNE7	Synpcc7942_2320
Q31KS8	Q31KS8_SYNE7	Synpcc7942_2311
Q31KT2	Q31KT2_SYNE7	Synpcc7942_2307
Q31KT3	Q31KT3_SYNE7	Synpcc7942_2306
Q31KT7	Q31KT7_SYNE7	Synpcc7942_2302
Q31KT8	Q31KT8_SYNE7	Synpcc7942_2301
Q31KT9	Q31KT9_SYNE7	Synpcc7942_2300
Q31KU3	Q31KU3_SYNE7	Synpcc7942_2296
Q31KU4	Q31KU4_SYNE7	Synpcc7942_2295
Q31KU5	Q31KU5_SYNE7	Synpcc7942_2294
Q31KU6	Q31KU6_SYNE7	Synpcc7942_2293
Q31KU7	Q31KU7_SYNE7	Synpcc7942_2292
Q31KV2	Q31KV2_SYNE7	Synpcc7942_2287
Q31KV3	Q31KV3_SYNE7	Synpcc7942_2286
Q31KV4	Q31KV4_SYNE7	Synpcc7942_2285
Q31KV5	Q31KV5_SYNE7	Synpcc7942_2284
Q31KV6	Q31KV6_SYNE7	Synpcc7942_2283
Q31KV7	Q31KV7_SYNE7	Synpcc7942_2282
Q31KV8	Q31KV8_SYNE7	Synpcc7942_2281
Q31KV9	Q31KV9_SYNE7	Synpcc7942_2280
Q31KW1	Q31KW1_SYNE7	Synpcc7942_2278
Q31KW2	Q31KW2_SYNE7	Synpcc7942_2277
Q31KW3	Q31KW3_SYNE7	Synpcc7942_2276
Q31KW4	Q31KW4_SYNE7	Synpcc7942_2275
Q31KW6	Q31KW6_SYNE7	Synpcc7942_2273
Q31KW8	Q31KW8_SYNE7	Synpcc7942_2271
Q31KW9	Q31KW9_SYNE7	Synpcc7942_2270
Q31KX0	Q31KX0_SYNE7	Synpcc7942_2269
Q31KX1	Q31KX1_SYNE7	Synpcc7942_2268
Q31KX2	Q31KX2_SYNE7	Synpcc7942_2267
Q31KX3	Q31KX3_SYNE7	Synpcc7942_2266
Q31KX5	Q31KX5_SYNE7	Synpcc7942_2264
Q31KX7	Q31KX7_SYNE7	Synpcc7942_2262
Q31KX8	Q31KX8_SYNE7	Synpcc7942_2261
Q31KX9	Q31KX9_SYNE7	Synpcc7942_2260
Q31KY1	Q31KY1_SYNE7	Synpcc7942_2258
Q31KY2	Q31KY2_SYNE7	Synpcc7942_2257
Q31KY3	Q31KY3_SYNE7	Synpcc7942_2256
Q31KY4	Q31KY4_SYNE7	Synpcc7942_2255
Q31KY5	Q31KY5_SYNE7	Synpcc7942_2254
Q31KY6	Q31KY6_SYNE7	Synpcc7942_2253
Q31KY8	Q31KY8_SYNE7	Synpcc7942_2251
Q31KZ1	Q31KZ1_SYNE7	Synpcc7942_2248
Q31KZ3	Q31KZ3_SYNE7	Synpcc7942_2246
Q31KZ7	Q31KZ7_SYNE7	Synpcc7942_2242
Q31KZ9	Q31KZ9_SYNE7	Synpcc7942_2240
Q31L00	Q31L00_SYNE7	Synpcc7942_2239
Q31L01	Q31L01_SYNE7	Synpcc7942_2238
Q31L02	Q31L02_SYNE7	Synpcc7942_2237
Q31L03	Q31L03_SYNE7	Synpcc7942_2236
Q31L06	Q31L06_SYNE7	Synpcc7942_2233
Q31L37	Q31L37_SYNE7	Synpcc7942_2202
Q31L39	Q31L39_SYNE7	Synpcc7942_2200
Q31L40	Q31L40_SYNE7	Synpcc7942_2199
Q31L41	Q31L41_SYNE7	Synpcc7942_2198
Q31L43	Q31L43_SYNE7	Synpcc7942_2196
Q31L44	Q31L44_SYNE7	Synpcc7942_2195
Q31L45	Q31L45_SYNE7	Synpcc7942_2194
Q31L46	Q31L46_SYNE7	Synpcc7942_2193
Q31L47	Q31L47_SYNE7	Synpcc7942_2192
Q31L48	Q31L48_SYNE7	Synpcc7942_2191
Q31L50	Q31L50_SYNE7	Synpcc7942_2189
Q31L52	Q31L52_SYNE7	Synpcc7942_2187
Q31L53	Q31L53_SYNE7	Synpcc7942_2186
Q31L54	Q31L54_SYNE7	Synpcc7942_2185
Q31L55	Q31L55_SYNE7	Synpcc7942_2184
Q31L57	Q31L57_SYNE7	Synpcc7942_2182
Q31L61	Q31L61_SYNE7	Synpcc7942_2178
Q31L63	Q31L63_SYNE7	Synpcc7942_2176
Q31L65	Q31L65_SYNE7	Synpcc7942_2174
Q31L66	Q31L66_SYNE7	Synpcc7942_2173
Q31L67	Q31L67_SYNE7	Synpcc7942_2172
Q31L69	Q31L69_SYNE7	Synpcc7942_2170
Q31L70	Q31L70_SYNE7	Synpcc7942_2169
Q31L72	Q31L72_SYNE7	Synpcc7942_2167
Q31L73	Q31L73_SYNE7	Synpcc7942_2166
Q31L74	Q31L74_SYNE7	Synpcc7942_2165
Q31L75	Q31L75_SYNE7	Synpcc7942_2164
Q31L76	Q31L76_SYNE7	Synpcc7942_2163
Q31L77	Q31L77_SYNE7	Synpcc7942_2162
Q31L78	Q31L78_SYNE7	Synpcc7942_2161
Q31L82	Q31L82_SYNE7	Synpcc7942_2157
Q31L84	Q31L84_SYNE7	Synpcc7942_2155
Q31L85	Q31L85_SYNE7	Synpcc7942_2154
Q31L86	Q31L86_SYNE7	Synpcc7942_2153
Q31L87	Q31L87_SYNE7	Synpcc7942_2152
Q31L89	Q31L89_SYNE7	Synpcc7942_2150
Q31L90	Q31L90_SYNE7	Synpcc7942_2149
Q31L91	Q31L91_SYNE7	Synpcc7942_2148
Q31L92	Q31L92_SYNE7	Synpcc7942_2147
Q31L93	Q31L93_SYNE7	Synpcc7942_2146
Q31L94	Q31L94_SYNE7	Synpcc7942_2145
Q31L95	Q31L95_SYNE7	Synpcc7942_2144
Q31L97	Q31L97_SYNE7	Synpcc7942_2142
Q31L98	Q31L98_SYNE7	Synpcc7942_2141
Q31L99	Q31L99_SYNE7	Synpcc7942_2140
Q31LA0	Q31LA0_SYNE7	Synpcc7942_2139
Q31LA1	Q31LA1_SYNE7	Synpcc7942_2138
Q31LA4	Q31LA4_SYNE7	Synpcc7942_2135
Q31LA5	Q31LA5_SYNE7	Synpcc7942_2134
Q31LA6	Q31LA6_SYNE7	Synpcc7942_2133
Q31LA8	Q31LA8_SYNE7	Synpcc7942_2131
Q31LA9	Q31LA9_SYNE7	Synpcc7942_2130
Q31LB0	Q31LB0_SYNE7	Synpcc7942_2129
Q31LB4	Q31LB4_SYNE7	Synpcc7942_2125
Q31LB5	Q31LB5_SYNE7	Synpcc7942_2124
Q31LB8	Q31LB8_SYNE7	Synpcc7942_2121
Q31LC0	Q31LC0_SYNE7	Synpcc7942_2119
Q31LC1	Q31LC1_SYNE7	Synpcc7942_2118
Q31LC3	Q31LC3_SYNE7	Synpcc7942_2116
Q31LC4	Q31LC4_SYNE7	Synpcc7942_2115
Q31LC7	Q31LC7_SYNE7	Synpcc7942_2112
Q31LC8	Q31LC8_SYNE7	Synpcc7942_2111
Q31LD0	Q31LD0_SYNE7	Synpcc7942_2109
Q31LD1	Q31LD1_SYNE7	Synpcc7942_2108
Q31LD2	Q31LD2_SYNE7	Synpcc7942_2107
Q31LD6	Q31LD6_SYNE7	Synpcc7942_2103
Q31LD7	Q31LD7_SYNE7	Synpcc7942_2102
Q31LE2	Q31LE2_SYNE7	Synpcc7942_2097
Q31LE3	Q31LE3_SYNE7	Synpcc7942_2096
Q31LE4	Q31LE4_SYNE7	Synpcc7942_2095
Q31LF0	Q31LF0_SYNE7	Synpcc7942_2089
Q31LF1	Q31LF1_SYNE7	Synpcc7942_2088
Q31LF3	Q31LF3_SYNE7	Synpcc7942_2086
Q31LF4	Q31LF4_SYNE7	Synpcc7942_2085
Q31LF5	Q31LF5_SYNE7	Synpcc7942_2084
Q31LF6	Q31LF6_SYNE7	Synpcc7942_2083
Q31LF7	Q31LF7_SYNE7	Synpcc7942_2082
Q31LF8	Q31LF8_SYNE7	Synpcc7942_2081
Q31LG1	Q31LG1_SYNE7	Synpcc7942_2078
Q31LG2	Q31LG2_SYNE7	Synpcc7942_2077
Q31LG4	Q31LG4_SYNE7	Synpcc7942_2075
Q31LG8	Q31LG8_SYNE7	Synpcc7942_2071
Q31LG9	Q31LG9_SYNE7	Synpcc7942_2070
Q31LH0	Q31LH0_SYNE7	Synpcc7942_2069
Q31LH1	Q31LH1_SYNE7	Synpcc7942_2068
Q31LH2	Q31LH2_SYNE7	Synpcc7942_2067
Q31LH4	Q31LH4_SYNE7	Synpcc7942_2065
Q31LI3	Q31LI3_SYNE7	Synpcc7942_2056
Q31LI5	Q31LI5_SYNE7	Synpcc7942_2054
Q31LI6	Q31LI6_SYNE7	Synpcc7942_2053
Q31LI7	Q31LI7_SYNE7	Synpcc7942_2052
Q31LI8	Q31LI8_SYNE7	Synpcc7942_2051
Q31LI9	Q31LI9_SYNE7	Synpcc7942_2050
Q31LJ5	Q31LJ5_SYNE7	Synpcc7942_2044
Q31LJ7	Q31LJ7_SYNE7	Synpcc7942_2042
Q31LJ9	SFSA_SYNE7	Synpcc7942_2040
Q31LK0	Q31LK0_SYNE7	Synpcc7942_2039
Q31LK1	Q31LK1_SYNE7	Synpcc7942_2038
Q31LK2	Q31LK2_SYNE7	Synpcc7942_2037
Q31LK3	Q31LK3_SYNE7	Synpcc7942_2036
Q31LK4	Q31LK4_SYNE7	Synpcc7942_2035
Q31LK6	Q31LK6_SYNE7	Synpcc7942_2033
Q31LK7	Q31LK7_SYNE7	Synpcc7942_2032
Q31LK8	Q31LK8_SYNE7	Synpcc7942_2031
Q31LK9	Q31LK9_SYNE7	Synpcc7942_2030
Q31LL1	Q31LL1_SYNE7	Synpcc7942_2028
Q31LL2	Q31LL2_SYNE7	Synpcc7942_2027
Q31LL3	Q31LL3_SYNE7	Synpcc7942_2026
Q31LL4	Q31LL4_SYNE7	Synpcc7942_2025
Q31LL5	Q31LL5_SYNE7	Synpcc7942_2024
Q31LL8	Q31LL8_SYNE7	Synpcc7942_2021
Q31LM0	Q31LM0_SYNE7	Synpcc7942_2019
Q31LM1	Q31LM1_SYNE7	Synpcc7942_2018
Q31LM2	Q31LM2_SYNE7	Synpcc7942_2017
Q31LM4	Q31LM4_SYNE7	Synpcc7942_2015
Q31LM5	Q31LM5_SYNE7	Synpcc7942_2014
Q31LM6	Q31LM6_SYNE7	Synpcc7942_2013
Q31LM7	Q31LM7_SYNE7	Synpcc7942_2012
Q31LN0	Q31LN0_SYNE7	Synpcc7942_2009
Q31LN3	Q31LN3_SYNE7	Synpcc7942_2006
Q31LN4	Q31LN4_SYNE7	Synpcc7942_2005
Q31LN5	Q31LN5_SYNE7	Synpcc7942_2004
Q31LN6	Q31LN6_SYNE7	Synpcc7942_2003
Q31LN7	Q31LN7_SYNE7	Synpcc7942_2002
Q31LP0	Q31LP0_SYNE7	Synpcc7942_1999
Q31LP1	Q31LP1_SYNE7	Synpcc7942_1998
Q31LP3	Q31LP3_SYNE7	Synpcc7942_1996
Q31LQ0	Q31LQ0_SYNE7	Synpcc7942_1989
Q31LQ1	Q31LQ1_SYNE7	Synpcc7942_1988
Q31LQ2	Q31LQ2_SYNE7	Synpcc7942_1987
Q31LQ3	Q31LQ3_SYNE7	Synpcc7942_1986
Q31LQ4	Q31LQ4_SYNE7	Synpcc7942_1985
Q31LQ8	Q31LQ8_SYNE7	Synpcc7942_1981
Q31LR4	Q31LR4_SYNE7	Synpcc7942_1975
Q31LR5	Q31LR5_SYNE7	Synpcc7942_1974
Q31LR7	Q31LR7_SYNE7	Synpcc7942_1972
Q31LR8	Q31LR8_SYNE7	Synpcc7942_1971
Q31LR9	Q31LR9_SYNE7	Synpcc7942_1970
Q31LS0	Q31LS0_SYNE7	Synpcc7942_1969
Q31LS1	Q31LS1_SYNE7	Synpcc7942_1968
Q31LS3	Q31LS3_SYNE7	Synpcc7942_1966
Q31LS4	Q31LS4_SYNE7	Synpcc7942_1965
Q31LS6	Q31LS6_SYNE7	Synpcc7942_1963
Q31LS8	Q31LS8_SYNE7	Synpcc7942_1961
Q31LS9	Q31LS9_SYNE7	Synpcc7942_1960
Q31LT1	Q31LT1_SYNE7	Synpcc7942_1958
Q31LT4	Q31LT4_SYNE7	Synpcc7942_1955
Q31LT9	Q31LT9_SYNE7	Synpcc7942_1950
Q31LU1	Q31LU1_SYNE7	Synpcc7942_1948
Q31LU2	Q31LU2_SYNE7	Synpcc7942_1947
Q31LU3	Q31LU3_SYNE7	Synpcc7942_1946
Q31LU8	Q31LU8_SYNE7	Synpcc7942_1941
Q31LU9	Q31LU9_SYNE7	Synpcc7942_1940
Q31LV1	Q31LV1_SYNE7	Synpcc7942_1938
Q31LV3	Q31LV3_SYNE7	Synpcc7942_1936
Q31LV5	Q31LV5_SYNE7	Synpcc7942_1934
Q31LV7	Q31LV7_SYNE7	Synpcc7942_1932
Q31LV8	Q31LV8_SYNE7	Synpcc7942_1931
Q31LV9	Q31LV9_SYNE7	Synpcc7942_1930
Q31LW0	Q31LW0_SYNE7	Synpcc7942_1929
Q31LW1	Q31LW1_SYNE7	Synpcc7942_1928
Q31LW3	Q31LW3_SYNE7	Synpcc7942_1926
Q31LW4	Q31LW4_SYNE7	Synpcc7942_1925
Q31LW5	Q31LW5_SYNE7	Synpcc7942_1924
Q31LW6	Q31LW6_SYNE7	Synpcc7942_1923
Q31LW7	Q31LW7_SYNE7	Synpcc7942_1922
Q31LW8	Q31LW8_SYNE7	Synpcc7942_1921
Q31LX0	Q31LX0_SYNE7	Synpcc7942_1919
Q31LX1	Q31LX1_SYNE7	Synpcc7942_1918
Q31LX2	Q31LX2_SYNE7	Synpcc7942_1917
Q31LX3	Q31LX3_SYNE7	Synpcc7942_1916
Q31LX5	Q31LX5_SYNE7	Synpcc7942_1914
Q31LX6	Q31LX6_SYNE7	Synpcc7942_1913
Q31LX8	Q31LX8_SYNE7	Synpcc7942_1911
Q31LY0	Q31LY0_SYNE7	Synpcc7942_1909
Q31LY1	Q31LY1_SYNE7	Synpcc7942_1908
Q31LY3	Q31LY3_SYNE7	Synpcc7942_1906
Q31LY5	Q31LY5_SYNE7	Synpcc7942_1904
Q31LY6	Q31LY6_SYNE7	Synpcc7942_1903
Q31LY7	Q31LY7_SYNE7	Synpcc7942_1902
Q31LY8	Q31LY8_SYNE7	Synpcc7942_1901
Q31LY9	Q31LY9_SYNE7	Synpcc7942_1900
Q31LZ0	Q31LZ0_SYNE7	Synpcc7942_1899
Q31LZ2	Q31LZ2_SYNE7	Synpcc7942_1897
Q31LZ4	Q31LZ4_SYNE7	Synpcc7942_1895
Q31LZ5	Q31LZ5_SYNE7	Synpcc7942_1894
Q31LZ6	Q31LZ6_SYNE7	Synpcc7942_1893
Q31LZ9	Q31LZ9_SYNE7	Synpcc7942_1890
Q31M00	Q31M00_SYNE7	Synpcc7942_1889
Q31M01	Q31M01_SYNE7	Synpcc7942_1888
Q31M02	Q31M02_SYNE7	Synpcc7942_1887
Q31M03	Q31M03_SYNE7	Synpcc7942_1886
Q31M04	Q31M04_SYNE7	Synpcc7942_1885
Q31M05	Q31M05_SYNE7	Synpcc7942_1884
Q31M06	Q31M06_SYNE7	Synpcc7942_1883
Q31M09	Q31M09_SYNE7	Synpcc7942_1880
Q31M10	Q31M10_SYNE7	Synpcc7942_1879
Q31M11	Q31M11_SYNE7	Synpcc7942_1878
Q31M12	Q31M12_SYNE7	Synpcc7942_1877
Q31M13	Q31M13_SYNE7	Synpcc7942_1876
Q31M14	Q31M14_SYNE7	Synpcc7942_1875
Q31M16	Q31M16_SYNE7	Synpcc7942_1873
Q31M17	Q31M17_SYNE7	Synpcc7942_1872
Q31M18	Q31M18_SYNE7	Synpcc7942_1871
Q31M19	Q31M19_SYNE7	Synpcc7942_1870
Q31M20	Q31M20_SYNE7	Synpcc7942_1869
Q31M21	Q31M21_SYNE7	Synpcc7942_1868
Q31M22	Q31M22_SYNE7	Synpcc7942_1867
Q31M23	Q31M23_SYNE7	Synpcc7942_1866
Q31M27	Q31M27_SYNE7	Synpcc7942_1862
Q31M28	Q31M28_SYNE7	Synpcc7942_1861
Q31M29	Q31M29_SYNE7	Synpcc7942_1860
Q31M30	Q31M30_SYNE7	Synpcc7942_1859
Q31M32	Q31M32_SYNE7	Synpcc7942_1857
Q31M35	Q31M35_SYNE7	Synpcc7942_1854
Q31M37	Q31M37_SYNE7	Synpcc7942_1852
Q31M38	Q31M38_SYNE7	Synpcc7942_1851
Q31M39	Q31M39_SYNE7	Synpcc7942_1850
Q31M46	Q31M46_SYNE7	Synpcc7942_1843
Q31M49	Q31M49_SYNE7	Synpcc7942_1840
Q31M50	Q31M50_SYNE7	Synpcc7942_1839
Q31M52	Q31M52_SYNE7	Synpcc7942_1837
Q31M53	Q31M53_SYNE7	Synpcc7942_1836
Q31M57	Q31M57_SYNE7	Synpcc7942_1832
Q31M58	Q31M58_SYNE7	Synpcc7942_1831
Q31M62	Q31M62_SYNE7	Synpcc7942_1827
Q31M63	Q31M63_SYNE7	Synpcc7942_1826
Q31M67	Q31M67_SYNE7	Synpcc7942_1822
Q31M69	Q31M69_SYNE7	Synpcc7942_1820
Q31M71	Q31M71_SYNE7	Synpcc7942_1818
Q31M72	Q31M72_SYNE7	Synpcc7942_1817
Q31M74	Q31M74_SYNE7	Synpcc7942_1815
Q31M75	Q31M75_SYNE7	Synpcc7942_1814
Q31M78	Q31M78_SYNE7	Synpcc7942_1811
Q31M79	Q31M79_SYNE7	Synpcc7942_1810
Q31M80	Q31M80_SYNE7	Synpcc7942_1809
Q31M82	Q31M82_SYNE7	Synpcc7942_1807
Q31M84	Q31M84_SYNE7	Synpcc7942_1805
Q31M85	Q31M85_SYNE7	Synpcc7942_1804
Q31M86	Q31M86_SYNE7	Synpcc7942_1803
Q31M87	Q31M87_SYNE7	Synpcc7942_1802
Q31M88	Q31M88_SYNE7	Synpcc7942_1801
Q31M89	Q31M89_SYNE7	Synpcc7942_1800
Q31M90	Q31M90_SYNE7	Synpcc7942_1799
Q31M91	Q31M91_SYNE7	Synpcc7942_1798
Q31M92	Q31M92_SYNE7	Synpcc7942_1797
Q31M93	Q31M93_SYNE7	Synpcc7942_1796
Q31M95	Q31M95_SYNE7	Synpcc7942_1794
Q31M98	Q31M98_SYNE7	Synpcc7942_1791
Q31MA0	Q31MA0_SYNE7	Synpcc7942_1789
Q31MA1	Q31MA1_SYNE7	Synpcc7942_1788
Q31MA2	Q31MA2_SYNE7	Synpcc7942_1787
Q31MA3	Q31MA3_SYNE7	Synpcc7942_1786
Q31MA4	Q31MA4_SYNE7	Synpcc7942_1785
Q31MA5	Q31MA5_SYNE7	Synpcc7942_1784
Q31MA6	Y1783_SYNE7	Synpcc7942_1783
Q31MA8	Q31MA8_SYNE7	Synpcc7942_1781
Q31MA9	Q31MA9_SYNE7	Synpcc7942_1780
Q31MB1	Q31MB1_SYNE7	Synpcc7942_1778
Q31MB2	Q31MB2_SYNE7	Synpcc7942_1777
Q31MB3	Q31MB3_SYNE7	Synpcc7942_1776
Q31MB4	Q31MB4_SYNE7	Synpcc7942_1775
Q31MB6	Q31MB6_SYNE7	Synpcc7942_1773
Q31MB9	Q31MB9_SYNE7	Synpcc7942_1770
Q31MC0	Q31MC0_SYNE7	Synpcc7942_1769
Q31MC1	Q31MC1_SYNE7	Synpcc7942_1768
Q31MC3	Q31MC3_SYNE7	Synpcc7942_1766
Q31MC4	Q31MC4_SYNE7	Synpcc7942_1765
Q31MC5	Q31MC5_SYNE7	Synpcc7942_1764
Q31MC6	Q31MC6_SYNE7	Synpcc7942_1763
Q31MC7	Q31MC7_SYNE7	Synpcc7942_1762
Q31MD0	Q31MD0_SYNE7	Synpcc7942_1759
Q31MD2	Q31MD2_SYNE7	Synpcc7942_1757
Q31MD3	Q31MD3_SYNE7	Synpcc7942_1756
Q31MD4	Q31MD4_SYNE7	Synpcc7942_1755
Q31MD5	Q31MD5_SYNE7	Synpcc7942_1754
Q31MD6	Q31MD6_SYNE7	Synpcc7942_1753
Q31MD7	Q31MD7_SYNE7	Synpcc7942_1752
Q31MD8	Q31MD8_SYNE7	Synpcc7942_1751
Q31MD9	Q31MD9_SYNE7	Synpcc7942_1750
Q31ME0	Q31ME0_SYNE7	Synpcc7942_1749
Q31ME1	Q31ME1_SYNE7	Synpcc7942_1748
Q31ME2	Q31ME2_SYNE7	Synpcc7942_1747
Q31ME4	Q31ME4_SYNE7	Synpcc7942_1745
Q31MF0	Q31MF0_SYNE7	Synpcc7942_1739
Q31MF2	Q31MF2_SYNE7	Synpcc7942_1737
Q31MF3	Q31MF3_SYNE7	Synpcc7942_1736
Q31MF4	Q31MF4_SYNE7	Synpcc7942_1735
Q31MF6	Q31MF6_SYNE7	Synpcc7942_1733
Q31MF7	Q31MF7_SYNE7	Synpcc7942_1732
Q31MF8	Q31MF8_SYNE7	Synpcc7942_1731
Q31MF9	Q31MF9_SYNE7	Synpcc7942_1730
Q31MG0	Q31MG0_SYNE7	Synpcc7942_1729
Q31MG1	Q31MG1_SYNE7	Synpcc7942_1728
Q31MG2	Q31MG2_SYNE7	Synpcc7942_1727
Q31MG4	Q31MG4_SYNE7	Synpcc7942_1725
Q31MG5	Q31MG5_SYNE7	Synpcc7942_1724
Q31MG6	Q31MG6_SYNE7	Synpcc7942_1723
Q31MG7	Q31MG7_SYNE7	Synpcc7942_1722
Q31MG8	Q31MG8_SYNE7	Synpcc7942_1721
Q31MG9	Q31MG9_SYNE7	Synpcc7942_1720
Q31MH1	Q31MH1_SYNE7	Synpcc7942_1718
Q31MH3	Q31MH3_SYNE7	Synpcc7942_1716
Q31MH5	Q31MH5_SYNE7	Synpcc7942_1714
Q31MH6	Q31MH6_SYNE7	Synpcc7942_1713
Q31MH7	Q31MH7_SYNE7	Synpcc7942_1712
Q31MH8	Q31MH8_SYNE7	Synpcc7942_1711
Q31MI0	Q31MI0_SYNE7	Synpcc7942_1709
Q31MI1	Q31MI1_SYNE7	Synpcc7942_1708
Q31MI2	Q31MI2_SYNE7	Synpcc7942_1707
Q31MI3	Q31MI3_SYNE7	Synpcc7942_1706
Q31MI5	Q31MI5_SYNE7	Synpcc7942_1704
Q31MI6	Q31MI6_SYNE7	Synpcc7942_1703
Q31MI7	Q31MI7_SYNE7	Synpcc7942_1702
Q31MI8	Q31MI8_SYNE7	Synpcc7942_1701
Q31MJ0	Q31MJ0_SYNE7	Synpcc7942_1699
Q31MJ1	Q31MJ1_SYNE7	Synpcc7942_1698
Q31MJ2	Q31MJ2_SYNE7	Synpcc7942_1697
Q31MJ3	Q31MJ3_SYNE7	Synpcc7942_1696
Q31MJ4	Q31MJ4_SYNE7	Synpcc7942_1695
Q31MJ6	Q31MJ6_SYNE7	Synpcc7942_1693
Q31MJ7	Q31MJ7_SYNE7	Synpcc7942_1692
Q31MJ8	Q31MJ8_SYNE7	Synpcc7942_1691
Q31MJ9	Q31MJ9_SYNE7	Synpcc7942_1690
Q31MK1	Q31MK1_SYNE7	Synpcc7942_1688
Q31MK3	Q31MK3_SYNE7	Synpcc7942_1686
Q31ML1	Q31ML1_SYNE7	Synpcc7942_1678
Q31ML2	Q31ML2_SYNE7	Synpcc7942_1677
Q31ML3	Q31ML3_SYNE7	Synpcc7942_1676
Q31ML4	Q31ML4_SYNE7	Synpcc7942_1675
Q31ML5	Q31ML5_SYNE7	Synpcc7942_1674
Q31ML6	Q31ML6_SYNE7	Synpcc7942_1673
Q31ML7	Q31ML7_SYNE7	Synpcc7942_1672
Q31ML9	Q31ML9_SYNE7	Synpcc7942_1670
Q31MM3	Q31MM3_SYNE7	Synpcc7942_1666
Q31MM4	Q31MM4_SYNE7	Synpcc7942_1665
Q31MM5	Q31MM5_SYNE7	Synpcc7942_1664
Q31MM6	Q31MM6_SYNE7	Synpcc7942_1663
Q31MM8	Q31MM8_SYNE7	Synpcc7942_1661
Q31MM9	Q31MM9_SYNE7	Synpcc7942_1660
Q31MN0	Q31MN0_SYNE7	Synpcc7942_1659
Q31MN1	Q31MN1_SYNE7	Synpcc7942_1658
Q31MN2	Q31MN2_SYNE7	Synpcc7942_1657
Q31MN4	Q31MN4_SYNE7	Synpcc7942_1655
Q31MN5	Q31MN5_SYNE7	Synpcc7942_1654
Q31MN7	Q31MN7_SYNE7	Synpcc7942_1652
Q31MN8	Q31MN8_SYNE7	Synpcc7942_1651
Q31MN9	Q31MN9_SYNE7	Synpcc7942_1650
Q31MP0	Q31MP0_SYNE7	Synpcc7942_1649
Q31MP1	Q31MP1_SYNE7	Synpcc7942_1648
Q31MP2	Q31MP2_SYNE7	Synpcc7942_1647
Q31MP3	Q31MP3_SYNE7	Synpcc7942_1646
Q31MP5	Q31MP5_SYNE7	Synpcc7942_1644
Q31MP6	Q31MP6_SYNE7	Synpcc7942_1643
Q31MP7	Q31MP7_SYNE7	Synpcc7942_1642
Q31MP8	Q31MP8_SYNE7	Synpcc7942_1641
Q31MP9	Q31MP9_SYNE7	Synpcc7942_1640
Q31MQ0	Q31MQ0_SYNE7	Synpcc7942_1639
Q31MQ1	Y1638_SYNE7	Synpcc7942_1638
Q31MQ3	Q31MQ3_SYNE7	Synpcc7942_1636
Q31MQ4	Q31MQ4_SYNE7	Synpcc7942_1635
Q31MQ5	Q31MQ5_SYNE7	Synpcc7942_1634
Q31MQ6	Q31MQ6_SYNE7	Synpcc7942_1633
Q31MQ7	Q31MQ7_SYNE7	Synpcc7942_1632
Q31MQ8	Q31MQ8_SYNE7	Synpcc7942_1631
Q31MR0	Q31MR0_SYNE7	Synpcc7942_1629
Q31MR1	Q31MR1_SYNE7	Synpcc7942_1628
Q31MR2	Q31MR2_SYNE7	Synpcc7942_1627
Q31MR3	Q31MR3_SYNE7	Synpcc7942_1626
Q31MR4	Q31MR4_SYNE7	Synpcc7942_1625
Q31MR6	Q31MR6_SYNE7	Synpcc7942_1623
Q31MR7	Q31MR7_SYNE7	Synpcc7942_1622
Q31MR8	Q31MR8_SYNE7	Synpcc7942_1621
Q31MR9	Q31MR9_SYNE7	Synpcc7942_1620
Q31MS0	Q31MS0_SYNE7	Synpcc7942_1619
Q31MS1	Q31MS1_SYNE7	Synpcc7942_1618
Q31MS3	Q31MS3_SYNE7	Synpcc7942_1616
Q31MS6	Q31MS6_SYNE7	Synpcc7942_1613
Q31MT0	Q31MT0_SYNE7	Synpcc7942_1609
Q31MT3	Q31MT3_SYNE7	Synpcc7942_1606
Q31MT4	Q31MT4_SYNE7	Synpcc7942_1605
Q31MT5	Q31MT5_SYNE7	Synpcc7942_1604
Q31MT6	Q31MT6_SYNE7	Synpcc7942_1603
Q31MT8	Q31MT8_SYNE7	Synpcc7942_1601
Q31MT9	Q31MT9_SYNE7	Synpcc7942_1600
Q31MU0	Q31MU0_SYNE7	Synpcc7942_1599
Q31MU1	Q31MU1_SYNE7	Synpcc7942_1598
Q31MV0	Q31MV0_SYNE7	Synpcc7942_1589
Q31MV1	Q31MV1_SYNE7	Synpcc7942_1588
Q31MV6	Q31MV6_SYNE7	Synpcc7942_1583
Q31MV9	Q31MV9_SYNE7	Synpcc7942_1580
Q31MW0	Q31MW0_SYNE7	Synpcc7942_1579
Q31MW5	Q31MW5_SYNE7	Synpcc7942_1574
Q31MW7	Q31MW7_SYNE7	Synpcc7942_1572
Q31MX0	Q31MX0_SYNE7	Synpcc7942_1569
Q31MX1	Q31MX1_SYNE7	Synpcc7942_1568
Q31MX2	Q31MX2_SYNE7	Synpcc7942_1567
Q31MX4	Q31MX4_SYNE7	Synpcc7942_1565
Q31MX5	Q31MX5_SYNE7	Synpcc7942_1564
Q31MX6	Q31MX6_SYNE7	Synpcc7942_1563
Q31MX7	Q31MX7_SYNE7	Synpcc7942_1562
Q31MX8	Q31MX8_SYNE7	Synpcc7942_1561
Q31MX9	Q31MX9_SYNE7	Synpcc7942_1560
Q31MY0	Q31MY0_SYNE7	Synpcc7942_1559
Q31MY1	Q31MY1_SYNE7	Synpcc7942_1558
Q31MY2	Q31MY2_SYNE7	Synpcc7942_1557
Q31MY3	Q31MY3_SYNE7	Synpcc7942_1556
Q31MY6	Q31MY6_SYNE7	Synpcc7942_1553
Q31MY8	Q31MY8_SYNE7	Synpcc7942_1551
Q31MY9	Q31MY9_SYNE7	Synpcc7942_1550
Q31MZ0	Q31MZ0_SYNE7	Synpcc7942_1549
Q31MZ1	Q31MZ1_SYNE7	Synpcc7942_1548
Q31MZ2	Q31MZ2_SYNE7	Synpcc7942_1547
Q31MZ3	Q31MZ3_SYNE7	Synpcc7942_1546
Q31MZ5	Q31MZ5_SYNE7	Synpcc7942_1544
Q31MZ6	Q31MZ6_SYNE7	Synpcc7942_1543
Q31MZ9	Q31MZ9_SYNE7	Synpcc7942_1540
Q31N00	Q31N00_SYNE7	Synpcc7942_1539
Q31N01	Q31N01_SYNE7	Synpcc7942_1538
Q31N02	Q31N02_SYNE7	Synpcc7942_1537
Q31N03	Q31N03_SYNE7	Synpcc7942_1536
Q31N06	Q31N06_SYNE7	Synpcc7942_1533
Q31N08	Q31N08_SYNE7	Synpcc7942_1531
Q31N09	Q31N09_SYNE7	Synpcc7942_1530
Q31N10	Q31N10_SYNE7	Synpcc7942_1529
Q31N11	Q31N11_SYNE7	Synpcc7942_1528
Q31N12	Q31N12_SYNE7	Synpcc7942_1527
Q31N22	Q31N22_SYNE7	Synpcc7942_1517
Q31N23	Q31N23_SYNE7	Synpcc7942_1516
Q31N28	Q31N28_SYNE7	Synpcc7942_1511
Q31N29	Q31N29_SYNE7	Synpcc7942_1510
Q31N31	Q31N31_SYNE7	Synpcc7942_1508
Q31N33	Q31N33_SYNE7	Synpcc7942_1506
Q31N35	Q31N35_SYNE7	Synpcc7942_1504
Q31N36	Q31N36_SYNE7	Synpcc7942_1503
Q31N37	Q31N37_SYNE7	Synpcc7942_1502
Q31N41	Q31N41_SYNE7	Synpcc7942_1498
Q31N42	Q31N42_SYNE7	Synpcc7942_1497
Q31N44	Q31N44_SYNE7	Synpcc7942_1495
Q31N45	Q31N45_SYNE7	Synpcc7942_1494
Q31N46	Q31N46_SYNE7	Synpcc7942_1493
Q31N47	Q31N47_SYNE7	Synpcc7942_1492
Q31N53	YIDD_SYNE7	Synpcc7942_1486
Q31N54	Q31N54_SYNE7	Synpcc7942_1485
Q31N56	Q31N56_SYNE7	Synpcc7942_1483
Q31N57	Q31N57_SYNE7	Synpcc7942_1482
Q31N59	Q31N59_SYNE7	Synpcc7942_1480
Q31N62	Q31N62_SYNE7	Synpcc7942_1477
Q31N63	Q31N63_SYNE7	Synpcc7942_1476
Q31N64	Q31N64_SYNE7	Synpcc7942_1475
Q31N65	Q31N65_SYNE7	Synpcc7942_1474
Q31N66	Q31N66_SYNE7	Synpcc7942_1473
Q31N67	Q31N67_SYNE7	Synpcc7942_1472
Q31N68	Q31N68_SYNE7	Synpcc7942_1471
Q31N69	Q31N69_SYNE7	Synpcc7942_1470
Q31N70	Q31N70_SYNE7	Synpcc7942_1469
Q31N71	Q31N71_SYNE7	Synpcc7942_1468
Q31N72	Q31N72_SYNE7	Synpcc7942_1467
Q31N74	Q31N74_SYNE7	Synpcc7942_1465
Q31N75	Q31N75_SYNE7	Synpcc7942_1464
Q31N76	Q31N76_SYNE7	Synpcc7942_1463
Q31N78	Q31N78_SYNE7	Synpcc7942_1461
Q31N79	Q31N79_SYNE7	Synpcc7942_1460
Q31N80	Q31N80_SYNE7	Synpcc7942_1459
Q31N81	Q31N81_SYNE7	Synpcc7942_1458
Q31N86	Q31N86_SYNE7	Synpcc7942_1453
Q31N88	Q31N88_SYNE7	Synpcc7942_1451
Q31N89	Q31N89_SYNE7	Synpcc7942_1450
Q31N93	Q31N93_SYNE7	Synpcc7942_1446
Q31N94	Q31N94_SYNE7	Synpcc7942_1445
Q31N95	Q31N95_SYNE7	Synpcc7942_1444
Q31N97	Q31N97_SYNE7	Synpcc7942_1442
Q31NA2	Q31NA2_SYNE7	Synpcc7942_1437
Q31NA3	Q31NA3_SYNE7	Synpcc7942_1436
Q31NA5	Q31NA5_SYNE7	Synpcc7942_1434
Q31NA9	Q31NA9_SYNE7	Synpcc7942_1430
Q31NC1	Q31NC1_SYNE7	Synpcc7942_1418
Q31NC2	Q31NC2_SYNE7	Synpcc7942_1417
Q31NC5	Q31NC5_SYNE7	Synpcc7942_1414
Q31NC6	Q31NC6_SYNE7	Synpcc7942_1413
Q31NC7	Q31NC7_SYNE7	Synpcc7942_1412
Q31NC8	Q31NC8_SYNE7	Synpcc7942_1411
Q31ND0	Q31ND0_SYNE7	Synpcc7942_1409
Q31ND1	Q31ND1_SYNE7	Synpcc7942_1408
Q31ND2	Q31ND2_SYNE7	Synpcc7942_1407
Q31ND3	Q31ND3_SYNE7	Synpcc7942_1406
Q31ND4	Q31ND4_SYNE7	Synpcc7942_1405
Q31ND5	Q31ND5_SYNE7	Synpcc7942_1404
Q31ND7	Q31ND7_SYNE7	Synpcc7942_1402
Q31ND8	Q31ND8_SYNE7	Synpcc7942_1401
Q31NE0	Q31NE0_SYNE7	Synpcc7942_1399
Q31NE2	Q31NE2_SYNE7	Synpcc7942_1397
Q31NE3	Q31NE3_SYNE7	Synpcc7942_1396
Q31NE4	Q31NE4_SYNE7	Synpcc7942_1395
Q31NE5	Q31NE5_SYNE7	Synpcc7942_1394
Q31NE6	Q31NE6_SYNE7	Synpcc7942_1393
Q31NE7	Q31NE7_SYNE7	Synpcc7942_1392
Q31NE8	Q31NE8_SYNE7	Synpcc7942_1391
Q31NF1	Q31NF1_SYNE7	Synpcc7942_1388
Q31NF2	Q31NF2_SYNE7	Synpcc7942_1387
Q31NF3	Q31NF3_SYNE7	Synpcc7942_1386
Q31NF4	Q31NF4_SYNE7	Synpcc7942_1385
Q31NF5	Q31NF5_SYNE7	Synpcc7942_1384
Q31NF7	Q31NF7_SYNE7	Synpcc7942_1382
Q31NF8	Q31NF8_SYNE7	Synpcc7942_1381
Q31NG2	Q31NG2_SYNE7	Synpcc7942_1377
Q31NG3	Q31NG3_SYNE7	Synpcc7942_1376
Q31NG4	Q31NG4_SYNE7	Synpcc7942_1375
Q31NG5	Q31NG5_SYNE7	Synpcc7942_1374
Q31NG6	Q31NG6_SYNE7	Synpcc7942_1373
Q31NG9	Q31NG9_SYNE7	Synpcc7942_1370
Q31NH1	Q31NH1_SYNE7	Synpcc7942_1368
Q31NH2	Q31NH2_SYNE7	Synpcc7942_1367
Q31NH4	Q31NH4_SYNE7	Synpcc7942_1365
Q31NH5	Q31NH5_SYNE7	Synpcc7942_1364
Q31NH6	Q31NH6_SYNE7	Synpcc7942_1363
Q31NH7	Q31NH7_SYNE7	Synpcc7942_1362
Q31NH8	Q31NH8_SYNE7	Synpcc7942_1361
Q31NH9	Q31NH9_SYNE7	Synpcc7942_1360
Q31NI0	Q31NI0_SYNE7	Synpcc7942_1359
Q31NI1	Q31NI1_SYNE7	Synpcc7942_1358
Q31NI3	Q31NI3_SYNE7	Synpcc7942_1356
Q31NI4	Q31NI4_SYNE7	Synpcc7942_1355
Q31NI5	Q31NI5_SYNE7	Synpcc7942_1354
Q31NI6	Q31NI6_SYNE7	Synpcc7942_1353
Q31NI8	Q31NI8_SYNE7	Synpcc7942_1351
Q31NI9	Q31NI9_SYNE7	Synpcc7942_1350
Q31NJ0	Q31NJ0_SYNE7	Synpcc7942_1349
Q31NJ1	Q31NJ1_SYNE7	Synpcc7942_1348
Q31NJ2	Q31NJ2_SYNE7	Synpcc7942_1347
Q31NJ8	Q31NJ8_SYNE7	Synpcc7942_1341
Q31NK0	Q31NK0_SYNE7	Synpcc7942_1339
Q31NK1	Q31NK1_SYNE7	Synpcc7942_1338
Q31NK2	Q31NK2_SYNE7	Synpcc7942_1337
Q31NK3	Q31NK3_SYNE7	Synpcc7942_1336
Q31NK4	Q31NK4_SYNE7	Synpcc7942_1335
Q31NK5	Q31NK5_SYNE7	Synpcc7942_1334
Q31NK8	Q31NK8_SYNE7	Synpcc7942_1331
Q31NK9	Q31NK9_SYNE7	Synpcc7942_1330
Q31NL0	Q31NL0_SYNE7	Synpcc7942_1329
Q31NL1	Q31NL1_SYNE7	Synpcc7942_1328
Q31NL2	Q31NL2_SYNE7	Synpcc7942_1327
Q31NL5	Q31NL5_SYNE7	Synpcc7942_1324
Q31NL8	Q31NL8_SYNE7	Synpcc7942_1321
Q31NL9	Q31NL9_SYNE7	Synpcc7942_1320
Q31NM1	Q31NM1_SYNE7	Synpcc7942_1318
Q31NM2	Q31NM2_SYNE7	Synpcc7942_1317
Q31NM3	Q31NM3_SYNE7	Synpcc7942_1316
Q31NM7	Q31NM7_SYNE7	Synpcc7942_1312
Q31NM8	Q31NM8_SYNE7	Synpcc7942_1311
Q31NN2	Q31NN2_SYNE7	Synpcc7942_1307
Q31NN3	Q31NN3_SYNE7	Synpcc7942_1306
Q31NN4	Q31NN4_SYNE7	Synpcc7942_1305
Q31NN5	Q31NN5_SYNE7	Synpcc7942_1304
Q31NN6	Q31NN6_SYNE7	Synpcc7942_1303
Q31NN7	Q31NN7_SYNE7	Synpcc7942_1302
Q31NP0	Q31NP0_SYNE7	Synpcc7942_1299
Q31NP1	Q31NP1_SYNE7	Synpcc7942_1298
Q31NP2	Q31NP2_SYNE7	Synpcc7942_1297
Q31NP3	Q31NP3_SYNE7	Synpcc7942_1296
Q31NP4	Q31NP4_SYNE7	Synpcc7942_1295
Q31NQ0	Q31NQ0_SYNE7	Synpcc7942_1289
Q31NQ1	Q31NQ1_SYNE7	Synpcc7942_1288
Q31NQ2	Q31NQ2_SYNE7	Synpcc7942_1287
Q31NQ8	Q31NQ8_SYNE7	Synpcc7942_1281
Q31NQ9	Q31NQ9_SYNE7	Synpcc7942_1280
Q31NR0	Q31NR0_SYNE7	Synpcc7942_1279
Q31NR3	Q31NR3_SYNE7	Synpcc7942_1276
Q31NR4	Q31NR4_SYNE7	Synpcc7942_1275
Q31NR5	Q31NR5_SYNE7	Synpcc7942_1274
Q31NR7	Q31NR7_SYNE7	Synpcc7942_1272
Q31NR8	Q31NR8_SYNE7	Synpcc7942_1271
Q31NR9	Q31NR9_SYNE7	Synpcc7942_1270
Q31NS1	Q31NS1_SYNE7	Synpcc7942_1268
Q31NS2	Q31NS2_SYNE7	Synpcc7942_1267
Q31NS4	Q31NS4_SYNE7	Synpcc7942_1265
Q31NS5	Q31NS5_SYNE7	Synpcc7942_1264
Q31NS6	Q31NS6_SYNE7	Synpcc7942_1263
Q31NS7	Q31NS7_SYNE7	Synpcc7942_1262
Q31NT0	Q31NT0_SYNE7	Synpcc7942_1259
Q31NT1	Q31NT1_SYNE7	Synpcc7942_1258
Q31NT2	Q31NT2_SYNE7	Synpcc7942_1257
Q31NT3	Q31NT3_SYNE7	Synpcc7942_1256
Q31NT4	Q31NT4_SYNE7	Synpcc7942_1255
Q31NT5	Q31NT5_SYNE7	Synpcc7942_1254
Q31NT6	Q31NT6_SYNE7	Synpcc7942_1253
Q31NT7	Q31NT7_SYNE7	Synpcc7942_1252
Q31NU1	Q31NU1_SYNE7	Synpcc7942_1248
Q31NU2	Q31NU2_SYNE7	Synpcc7942_1247
Q31NU4	Q31NU4_SYNE7	Synpcc7942_1245
Q31NU5	Q31NU5_SYNE7	Synpcc7942_1244
Q31NU6	Q31NU6_SYNE7	Synpcc7942_1243
Q31NV5	Q31NV5_SYNE7	Synpcc7942_1234
Q31NV6	Q31NV6_SYNE7	Synpcc7942_1233
Q31NW0	Q31NW0_SYNE7	Synpcc7942_1229
Q31NW1	Q31NW1_SYNE7	Synpcc7942_1228
Q31NW2	Q31NW2_SYNE7	Synpcc7942_1227
Q31NW3	Q31NW3_SYNE7	Synpcc7942_1226
Q31NW5	Q31NW5_SYNE7	Synpcc7942_1224
Q31NY1	Q31NY1_SYNE7	Synpcc7942_1208
Q31NY4	Q31NY4_SYNE7	Synpcc7942_1205
Q31NY5	Q31NY5_SYNE7	Synpcc7942_1204
Q31NY6	Q31NY6_SYNE7	Synpcc7942_1203
Q31NY7	Q31NY7_SYNE7	Synpcc7942_1202
Q31NY9	Q31NY9_SYNE7	Synpcc7942_1200
Q31NZ0	Q31NZ0_SYNE7	Synpcc7942_1199
Q31NZ4	Q31NZ4_SYNE7	Synpcc7942_1195
Q31NZ6	Q31NZ6_SYNE7	Synpcc7942_1193
Q31NZ7	Q31NZ7_SYNE7	Synpcc7942_1192
Q31P02	Q31P02_SYNE7	Synpcc7942_1187
Q31P03	Q31P03_SYNE7	Synpcc7942_1186
Q31P06	Q31P06_SYNE7	Synpcc7942_1183
Q31P16	Q31P16_SYNE7	Synpcc7942_1173
Q31P18	Q31P18_SYNE7	Synpcc7942_1171
Q31P20	Q31P20_SYNE7	Synpcc7942_1169
Q31P22	Q31P22_SYNE7	Synpcc7942_1167
Q31P23	Q31P23_SYNE7	Synpcc7942_1166
Q31P24	Q31P24_SYNE7	Synpcc7942_1165
Q31P25	Q31P25_SYNE7	Synpcc7942_1164
Q31P26	Q31P26_SYNE7	Synpcc7942_1163
Q31P27	Q31P27_SYNE7	Synpcc7942_1162
Q31P28	Q31P28_SYNE7	Synpcc7942_1161
Q31P29	Q31P29_SYNE7	Synpcc7942_1160
Q31P30	Q31P30_SYNE7	Synpcc7942_1159
Q31P31	Q31P31_SYNE7	Synpcc7942_1158
Q31P33	Q31P33_SYNE7	Synpcc7942_1156
Q31P34	Q31P34_SYNE7	Synpcc7942_1155
Q31P35	Q31P35_SYNE7	Synpcc7942_1154
Q31P36	Q31P36_SYNE7	Synpcc7942_1153
Q31P39	Q31P39_SYNE7	Synpcc7942_1150
Q31P41	Q31P41_SYNE7	Synpcc7942_1148
Q31P42	Q31P42_SYNE7	Synpcc7942_1147
Q31P43	Q31P43_SYNE7	Synpcc7942_1146
Q31P44	Q31P44_SYNE7	Synpcc7942_1145
Q31P45	Q31P45_SYNE7	Synpcc7942_1144
Q31P46	Q31P46_SYNE7	Synpcc7942_1143
Q31P48	Q31P48_SYNE7	Synpcc7942_1141
Q31P49	Q31P49_SYNE7	Synpcc7942_1140
Q31P50	Q31P50_SYNE7	Synpcc7942_1139
Q31P52	Q31P52_SYNE7	Synpcc7942_1137
Q31P55	Q31P55_SYNE7	Synpcc7942_1134
Q31P57	Q31P57_SYNE7	Synpcc7942_1132
Q31P58	Q31P58_SYNE7	Synpcc7942_1131
Q31P59	Q31P59_SYNE7	Synpcc7942_1130
Q31P60	Q31P60_SYNE7	Synpcc7942_1129
Q31P61	Q31P61_SYNE7	Synpcc7942_1128
Q31P62	Q31P62_SYNE7	Synpcc7942_1127
Q31P63	Q31P63_SYNE7	Synpcc7942_1126
Q31P64	Q31P64_SYNE7	Synpcc7942_1125
Q31P65	Q31P65_SYNE7	Synpcc7942_1124
Q31P68	Q31P68_SYNE7	Synpcc7942_1121
Q31P69	Q31P69_SYNE7	Synpcc7942_1120
Q31P70	Q31P70_SYNE7	Synpcc7942_1119
Q31P71	Q31P71_SYNE7	Synpcc7942_1118
Q31P72	Q31P72_SYNE7	Synpcc7942_1117
Q31P74	Q31P74_SYNE7	Synpcc7942_1115
Q31P76	Q31P76_SYNE7	Synpcc7942_1113
Q31P79	Q31P79_SYNE7	Synpcc7942_1110
Q31P81	Q31P81_SYNE7	Synpcc7942_1108
Q31P82	Q31P82_SYNE7	Synpcc7942_1107
Q31P83	Q31P83_SYNE7	Synpcc7942_1106
Q31P86	Q31P86_SYNE7	Synpcc7942_1103
Q31P87	Q31P87_SYNE7	Synpcc7942_1102
Q31P88	Q31P88_SYNE7	Synpcc7942_1101
Q31P91	Y1098_SYNE7	Synpcc7942_1098
Q31P92	Q31P92_SYNE7	Synpcc7942_1097
Q31P94	Q31P94_SYNE7	Synpcc7942_1095
Q31P95	Q31P95_SYNE7	Synpcc7942_1094
Q31P97	Q31P97_SYNE7	Synpcc7942_1092
Q31P98	Q31P98_SYNE7	Synpcc7942_1091
Q31P99	Q31P99_SYNE7	Synpcc7942_1090
Q31PA2	Q31PA2_SYNE7	Synpcc7942_1087
Q31PA5	Q31PA5_SYNE7	Synpcc7942_1084
Q31PA6	Q31PA6_SYNE7	Synpcc7942_1083
Q31PA8	Q31PA8_SYNE7	Synpcc7942_1081
Q31PA9	Q31PA9_SYNE7	Synpcc7942_1080
Q31PB1	Q31PB1_SYNE7	Synpcc7942_1078
Q31PB2	Q31PB2_SYNE7	Synpcc7942_1077
Q31PB3	Q31PB3_SYNE7	Synpcc7942_1076
Q31PB4	Q31PB4_SYNE7	Synpcc7942_1075
Q31PB5	Q31PB5_SYNE7	Synpcc7942_1074
Q31PB7	Q31PB7_SYNE7	Synpcc7942_1072
Q31PB8	Q31PB8_SYNE7	Synpcc7942_1071
Q31PB9	Q31PB9_SYNE7	Synpcc7942_1070
Q31PC0	Q31PC0_SYNE7	Synpcc7942_1069
Q31PC2	Q31PC2_SYNE7	Synpcc7942_1067
Q31PC3	Q31PC3_SYNE7	Synpcc7942_1066
Q31PC5	Q31PC5_SYNE7	Synpcc7942_1064
Q31PC6	Q31PC6_SYNE7	Synpcc7942_1063
Q31PC7	Q31PC7_SYNE7	Synpcc7942_1062
Q31PC8	Q31PC8_SYNE7	Synpcc7942_1061
Q31PD0	Q31PD0_SYNE7	Synpcc7942_1059
Q31PD1	Q31PD1_SYNE7	Synpcc7942_1058
Q31PD3	Q31PD3_SYNE7	Synpcc7942_1056
Q31PD8	Q31PD8_SYNE7	Synpcc7942_1051
Q31PD9	Q31PD9_SYNE7	Synpcc7942_1050
Q31PE0	Q31PE0_SYNE7	Synpcc7942_1049
Q31PE3	Q31PE3_SYNE7	Synpcc7942_1046
Q31PE4	Q31PE4_SYNE7	Synpcc7942_1045
Q31PE5	Q31PE5_SYNE7	Synpcc7942_1044
Q31PE6	Q31PE6_SYNE7	Synpcc7942_1043
Q31PE7	Q31PE7_SYNE7	Synpcc7942_1042
Q31PE8	Q31PE8_SYNE7	Synpcc7942_1041
Q31PE9	Q31PE9_SYNE7	Synpcc7942_1040
Q31PF0	Q31PF0_SYNE7	Synpcc7942_1039
Q31PF1	Q31PF1_SYNE7	Synpcc7942_1038
Q31PF3	Q31PF3_SYNE7	Synpcc7942_1036
Q31PF4	Q31PF4_SYNE7	Synpcc7942_1035
Q31PF5	Q31PF5_SYNE7	Synpcc7942_1034
Q31PF6	Q31PF6_SYNE7	Synpcc7942_1033
Q31PF7	Q31PF7_SYNE7	Synpcc7942_1032
Q31PF8	Q31PF8_SYNE7	Synpcc7942_1031
Q31PG1	Q31PG1_SYNE7	Synpcc7942_1028
Q31PG2	Y1027_SYNE7	Synpcc7942_1027
Q31PG4	Q31PG4_SYNE7	Synpcc7942_1025
Q31PG5	Q31PG5_SYNE7	Synpcc7942_1024
Q31PG6	Q31PG6_SYNE7	Synpcc7942_1023
Q31PG7	Q31PG7_SYNE7	Synpcc7942_1022
Q31PG8	Q31PG8_SYNE7	Synpcc7942_1021
Q31PG9	Q31PG9_SYNE7	Synpcc7942_1020
Q31PH1	Q31PH1_SYNE7	Synpcc7942_1018
Q31PH2	Y1017_SYNE7	Synpcc7942_1017
Q31PH3	Q31PH3_SYNE7	Synpcc7942_1016
Q31PH4	Q31PH4_SYNE7	Synpcc7942_1015
Q31PH6	Q31PH6_SYNE7	Synpcc7942_1013
Q31PH9	Q31PH9_SYNE7	Synpcc7942_1010
Q31PI0	Q31PI0_SYNE7	Synpcc7942_1009
Q31PI3	Q31PI3_SYNE7	Synpcc7942_1006
Q31PI4	Q31PI4_SYNE7	Synpcc7942_1005
Q31PI5	Q31PI5_SYNE7	Synpcc7942_1004
Q31PI6	Q31PI6_SYNE7	Synpcc7942_1003
Q31PI9	Q31PI9_SYNE7	Synpcc7942_1000
Q31PJ0	Q31PJ0_SYNE7	Synpcc7942_0999
Q31PJ3	Q31PJ3_SYNE7	Synpcc7942_0996
Q31PJ4	Q31PJ4_SYNE7	Synpcc7942_0995
Q31PJ5	Q31PJ5_SYNE7	Synpcc7942_0994
Q31PJ6	Q31PJ6_SYNE7	Synpcc7942_0993
Q31PJ7	Q31PJ7_SYNE7	Synpcc7942_0992
Q31PK0	Q31PK0_SYNE7	Synpcc7942_0989
Q31PK1	Q31PK1_SYNE7	Synpcc7942_0988
Q31PK3	Q31PK3_SYNE7	Synpcc7942_0986
Q31PK4	Q31PK4_SYNE7	Synpcc7942_0985
Q31PK7	Q31PK7_SYNE7	Synpcc7942_0982
Q31PK8	Q31PK8_SYNE7	Synpcc7942_0981
Q31PK9	Q31PK9_SYNE7	Synpcc7942_0980
Q31PL0	Q31PL0_SYNE7	Synpcc7942_0979
Q31PL3	Q31PL3_SYNE7	Synpcc7942_0976
Q31PL5	Q31PL5_SYNE7	Synpcc7942_0974
Q31PL7	Q31PL7_SYNE7	Synpcc7942_0972
Q31PL8	Q31PL8_SYNE7	Synpcc7942_0971
Q31PL9	Q31PL9_SYNE7	Synpcc7942_0970
Q31PM0	Q31PM0_SYNE7	Synpcc7942_0969
Q31PM1	Q31PM1_SYNE7	Synpcc7942_0968
Q31PM3	Q31PM3_SYNE7	Synpcc7942_0966
Q31PM4	Q31PM4_SYNE7	Synpcc7942_0965
Q31PM5	Q31PM5_SYNE7	Synpcc7942_0964
Q31PM6	Q31PM6_SYNE7	Synpcc7942_0963
Q31PM8	Q31PM8_SYNE7	Synpcc7942_0961
Q31PM9	Q31PM9_SYNE7	Synpcc7942_0960
Q31PN2	Q31PN2_SYNE7	Synpcc7942_0957
Q31PN3	Q31PN3_SYNE7	Synpcc7942_0956
Q31PN4	Q31PN4_SYNE7	Synpcc7942_0955
Q31PN5	Q31PN5_SYNE7	Synpcc7942_0954
Q31PN6	Q31PN6_SYNE7	Synpcc7942_0953
Q31PN7	Q31PN7_SYNE7	Synpcc7942_0952
Q31PN9	Q31PN9_SYNE7	Synpcc7942_0950
Q31PP0	Q31PP0_SYNE7	Synpcc7942_0949
Q31PP1	Q31PP1_SYNE7	Synpcc7942_0948
Q31PP2	Q31PP2_SYNE7	Synpcc7942_0947
Q31PP3	Q31PP3_SYNE7	Synpcc7942_0946
Q31PP4	Q31PP4_SYNE7	Synpcc7942_0945
Q31PP8	Q31PP8_SYNE7	Synpcc7942_0941
Q31PP9	Q31PP9_SYNE7	Synpcc7942_0940
Q31PQ1	Q31PQ1_SYNE7	Synpcc7942_0938
Q31PQ2	Q31PQ2_SYNE7	Synpcc7942_0937
Q31PQ3	Q31PQ3_SYNE7	Synpcc7942_0936
Q31PQ4	Q31PQ4_SYNE7	Synpcc7942_0935
Q31PQ5	Q31PQ5_SYNE7	Synpcc7942_0934
Q31PQ6	Q31PQ6_SYNE7	Synpcc7942_0933
Q31PQ8	Q31PQ8_SYNE7	Synpcc7942_0931
Q31PR1	Q31PR1_SYNE7	Synpcc7942_0928
Q31PR3	Q31PR3_SYNE7	Synpcc7942_0926
Q31PR8	Q31PR8_SYNE7	Synpcc7942_0921
Q31PS0	Q31PS0_SYNE7	Synpcc7942_0919
Q31PS1	Q31PS1_SYNE7	Synpcc7942_0918
Q31PS2	Q31PS2_SYNE7	Synpcc7942_0917
Q31PS3	Q31PS3_SYNE7	Synpcc7942_0916
Q31PS5	Q31PS5_SYNE7	Synpcc7942_0914
Q31PS6	Q31PS6_SYNE7	Synpcc7942_0913
Q31PS8	Q31PS8_SYNE7	Synpcc7942_0911
Q31PS9	Q31PS9_SYNE7	Synpcc7942_0910
Q31PT0	Q31PT0_SYNE7	Synpcc7942_0909
Q31PT1	Q31PT1_SYNE7	Synpcc7942_0908
Q31PT2	Q31PT2_SYNE7	Synpcc7942_0907
Q31PT3	Q31PT3_SYNE7	Synpcc7942_0906
Q31PT4	Q31PT4_SYNE7	Synpcc7942_0905
Q31PT5	Q31PT5_SYNE7	Synpcc7942_0904
Q31PT7	Q31PT7_SYNE7	Synpcc7942_0902
Q31PT8	Q31PT8_SYNE7	Synpcc7942_0901
Q31PT9	Q31PT9_SYNE7	Synpcc7942_0900
Q31PU0	Q31PU0_SYNE7	Synpcc7942_0899
Q31PU1	Q31PU1_SYNE7	Synpcc7942_0898
Q31PU4	Q31PU4_SYNE7	Synpcc7942_0895
Q31PU8	Q31PU8_SYNE7	Synpcc7942_0891
Q31PV0	Q31PV0_SYNE7	Synpcc7942_0889
Q31PV1	Q31PV1_SYNE7	Synpcc7942_0888
Q31PV7	Q31PV7_SYNE7	Synpcc7942_0882
Q31PV9	Q31PV9_SYNE7	Synpcc7942_0880
Q31PW1	Q31PW1_SYNE7	Synpcc7942_0878
Q31PW2	Q31PW2_SYNE7	Synpcc7942_0877
Q31PW4	Q31PW4_SYNE7	Synpcc7942_0875
Q31PW5	Q31PW5_SYNE7	Synpcc7942_0874
Q31PW6	Q31PW6_SYNE7	Synpcc7942_0873
Q31PW7	Q31PW7_SYNE7	Synpcc7942_0872
Q31PW8	Q31PW8_SYNE7	Synpcc7942_0871
Q31PW9	Q31PW9_SYNE7	Synpcc7942_0870
Q31PX0	Q31PX0_SYNE7	Synpcc7942_0869
Q31PX1	Q31PX1_SYNE7	Synpcc7942_0868
Q31PX2	Q31PX2_SYNE7	Synpcc7942_0867
Q31PX3	Q31PX3_SYNE7	Synpcc7942_0866
Q31PX4	Y865_SYNE7	Synpcc7942_0865
Q31PX5	Q31PX5_SYNE7	Synpcc7942_0864
Q31PX6	Q31PX6_SYNE7	Synpcc7942_0863
Q31PX7	Q31PX7_SYNE7	Synpcc7942_0862
Q31PX8	Q31PX8_SYNE7	Synpcc7942_0861
Q31PX9	Q31PX9_SYNE7	Synpcc7942_0860
Q31PY1	Q31PY1_SYNE7	Synpcc7942_0858
Q31PY2	Q31PY2_SYNE7	Synpcc7942_0857
Q31PY3	Q31PY3_SYNE7	Synpcc7942_0856
Q31PY4	Q31PY4_SYNE7	Synpcc7942_0855
Q31PY5	Q31PY5_SYNE7	Synpcc7942_0854
Q31PY8	Q31PY8_SYNE7	Synpcc7942_0850
Q31PZ1	Q31PZ1_SYNE7	Synpcc7942_0847
Q31PZ3	Q31PZ3_SYNE7	Synpcc7942_0845
Q31PZ4	Q31PZ4_SYNE7	Synpcc7942_0844
Q31PZ5	Q31PZ5_SYNE7	Synpcc7942_0843
Q31PZ7	Q31PZ7_SYNE7	Synpcc7942_0841
Q31PZ8	Q31PZ8_SYNE7	Synpcc7942_0840
Q31PZ9	Q31PZ9_SYNE7	Synpcc7942_0839
Q31Q00	Q31Q00_SYNE7	Synpcc7942_0838
Q31Q01	Q31Q01_SYNE7	Synpcc7942_0837
Q31Q02	Q31Q02_SYNE7	Synpcc7942_0836
Q31Q04	Q31Q04_SYNE7	Synpcc7942_0834
Q31Q06	Q31Q06_SYNE7	Synpcc7942_0831
Q31Q08	Q31Q08_SYNE7	Synpcc7942_0829
Q31Q09	Q31Q09_SYNE7	Synpcc7942_0828
Q31Q10	Q31Q10_SYNE7	Synpcc7942_0827
Q31Q12	Q31Q12_SYNE7	Synpcc7942_0825
Q31Q13	Q31Q13_SYNE7	Synpcc7942_0824
Q31Q14	Q31Q14_SYNE7	Synpcc7942_0823
Q31Q15	Q31Q15_SYNE7	Synpcc7942_0822
Q31Q16	Q31Q16_SYNE7	Synpcc7942_0821
Q31Q17	Q31Q17_SYNE7	Synpcc7942_0820
Q31Q21	Q31Q21_SYNE7	Synpcc7942_0816
Q31Q22	Q31Q22_SYNE7	Synpcc7942_0815
Q31Q23	Q31Q23_SYNE7	Synpcc7942_0814
Q31Q25	Q31Q25_SYNE7	Synpcc7942_0812
Q31Q26	Q31Q26_SYNE7	Synpcc7942_0811
Q31Q27	Q31Q27_SYNE7	Synpcc7942_0810
Q31Q28	Q31Q28_SYNE7	Synpcc7942_0809
Q31Q29	Q31Q29_SYNE7	Synpcc7942_0808
Q31Q30	Q31Q30_SYNE7	Synpcc7942_0807
Q31Q32	Q31Q32_SYNE7	Synpcc7942_0805
Q31Q34	Q31Q34_SYNE7	Synpcc7942_0803
Q31Q35	Q31Q35_SYNE7	Synpcc7942_0802
Q31Q37	Q31Q37_SYNE7	Synpcc7942_0800
Q31Q38	Q31Q38_SYNE7	Synpcc7942_0799
Q31Q40	Q31Q40_SYNE7	Synpcc7942_0797
Q31Q41	Q31Q41_SYNE7	Synpcc7942_0796
Q31Q42	Q31Q42_SYNE7	Synpcc7942_0795
Q31Q43	Q31Q43_SYNE7	Synpcc7942_0794
Q31Q44	Q31Q44_SYNE7	Synpcc7942_0793
Q31Q45	Q31Q45_SYNE7	Synpcc7942_0792
Q31Q46	Q31Q46_SYNE7	Synpcc7942_0791
Q31Q47	Q31Q47_SYNE7	Synpcc7942_0790
Q31Q48	Q31Q48_SYNE7	Synpcc7942_0789
Q31Q49	Q31Q49_SYNE7	Synpcc7942_0788
Q31Q51	Q31Q51_SYNE7	Synpcc7942_0786
Q31Q53	Q31Q53_SYNE7	Synpcc7942_0784
Q31Q55	Q31Q55_SYNE7	Synpcc7942_0782
Q31Q57	Q31Q57_SYNE7	Synpcc7942_0780
Q31Q58	Q31Q58_SYNE7	Synpcc7942_0779
Q31Q59	Q31Q59_SYNE7	Synpcc7942_0778
Q31Q61	Q31Q61_SYNE7	Synpcc7942_0776
Q31Q62	Q31Q62_SYNE7	Synpcc7942_0775
Q31Q63	Q31Q63_SYNE7	Synpcc7942_0774
Q31Q64	Q31Q64_SYNE7	Synpcc7942_0773
Q31Q65	Q31Q65_SYNE7	Synpcc7942_0772
Q31Q66	Q31Q66_SYNE7	Synpcc7942_0771
Q31Q67	Q31Q67_SYNE7	Synpcc7942_0770
Q31Q68	Q31Q68_SYNE7	Synpcc7942_0769
Q31Q69	Q31Q69_SYNE7	Synpcc7942_0768
Q31Q70	Q31Q70_SYNE7	Synpcc7942_0767
Q31Q71	Q31Q71_SYNE7	Synpcc7942_0766
Q31Q72	Q31Q72_SYNE7	Synpcc7942_0765
Q31Q73	Q31Q73_SYNE7	Synpcc7942_0764
Q31Q74	Q31Q74_SYNE7	Synpcc7942_0763
Q31Q75	Q31Q75_SYNE7	Synpcc7942_0762
Q31Q76	Q31Q76_SYNE7	Synpcc7942_0761
Q31Q77	Q31Q77_SYNE7	Synpcc7942_0760
Q31Q78	Q31Q78_SYNE7	Synpcc7942_0759
Q31Q79	Q31Q79_SYNE7	Synpcc7942_0758
Q31Q80	Q31Q80_SYNE7	Synpcc7942_0757
Q31Q81	Q31Q81_SYNE7	Synpcc7942_0756
Q31Q82	Q31Q82_SYNE7	Synpcc7942_0755
Q31Q83	Q31Q83_SYNE7	Synpcc7942_0754
Q31Q84	Q31Q84_SYNE7	Synpcc7942_0753
Q31Q85	Q31Q85_SYNE7	Synpcc7942_0752
Q31Q86	Q31Q86_SYNE7	Synpcc7942_0751
Q31Q87	Q31Q87_SYNE7	Synpcc7942_0750
Q31Q88	Q31Q88_SYNE7	Synpcc7942_0749
Q31Q89	Q31Q89_SYNE7	Synpcc7942_0748
Q31Q90	Q31Q90_SYNE7	Synpcc7942_0747
Q31Q91	Q31Q91_SYNE7	Synpcc7942_0746
Q31Q92	Q31Q92_SYNE7	Synpcc7942_0745
Q31Q93	Q31Q93_SYNE7	Synpcc7942_0744
Q31Q94	Q31Q94_SYNE7	Synpcc7942_0743
Q31Q95	Q31Q95_SYNE7	Synpcc7942_0742
Q31Q96	Q31Q96_SYNE7	Synpcc7942_0741
Q31Q97	Q31Q97_SYNE7	Synpcc7942_0740
Q31Q98	Q31Q98_SYNE7	Synpcc7942_0739
Q31Q99	Q31Q99_SYNE7	Synpcc7942_0738
Q31QA0	Q31QA0_SYNE7	Synpcc7942_0737
Q31QA1	Q31QA1_SYNE7	Synpcc7942_0736
Q31QA2	Q31QA2_SYNE7	Synpcc7942_0735
Q31QA3	Q31QA3_SYNE7	Synpcc7942_0734
Q31QA4	Q31QA4_SYNE7	Synpcc7942_0733
Q31QA5	Q31QA5_SYNE7	Synpcc7942_0732
Q31QA6	Q31QA6_SYNE7	Synpcc7942_0731
Q31QA7	Q31QA7_SYNE7	Synpcc7942_0730
Q31QA8	Q31QA8_SYNE7	Synpcc7942_0729
Q31QA9	Q31QA9_SYNE7	Synpcc7942_0728
Q31QB0	Q31QB0_SYNE7	Synpcc7942_0727
Q31QB1	Q31QB1_SYNE7	Synpcc7942_0726
Q31QB2	Q31QB2_SYNE7	Synpcc7942_0725
Q31QB3	Q31QB3_SYNE7	Synpcc7942_0724
Q31QB4	Q31QB4_SYNE7	Synpcc7942_0723
Q31QB5	Q31QB5_SYNE7	Synpcc7942_0722
Q31QB6	Q31QB6_SYNE7	Synpcc7942_0721
Q31QB7	Q31QB7_SYNE7	Synpcc7942_0720
Q31QB8	Q31QB8_SYNE7	Synpcc7942_0719
Q31QB9	Q31QB9_SYNE7	Synpcc7942_0718
Q31QC0	Q31QC0_SYNE7	Synpcc7942_0717
Q31QC1	Q31QC1_SYNE7	Synpcc7942_0716
Q31QC3	Q31QC3_SYNE7	Synpcc7942_0714
Q31QC5	Q31QC5_SYNE7	Synpcc7942_0712
Q31QC7	Q31QC7_SYNE7	Synpcc7942_0710
Q31QC8	Q31QC8_SYNE7	Synpcc7942_0709
Q31QC9	Q31QC9_SYNE7	Synpcc7942_0708
Q31QD0	Q31QD0_SYNE7	Synpcc7942_0707
Q31QD1	Q31QD1_SYNE7	Synpcc7942_0706
Q31QD2	Q31QD2_SYNE7	Synpcc7942_0705
Q31QD3	Q31QD3_SYNE7	Synpcc7942_0704
Q31QD4	Q31QD4_SYNE7	Synpcc7942_0703
Q31QD5	Q31QD5_SYNE7	Synpcc7942_0702
Q31QD6	Q31QD6_SYNE7	Synpcc7942_0701
Q31QD7	Q31QD7_SYNE7	Synpcc7942_0700
Q31QD9	Q31QD9_SYNE7	Synpcc7942_0698
Q31QE3	Q31QE3_SYNE7	Synpcc7942_0694
Q31QE4	Q31QE4_SYNE7	Synpcc7942_0693
Q31QE5	Q31QE5_SYNE7	Synpcc7942_0692
Q31QE6	Q31QE6_SYNE7	Synpcc7942_0691
Q31QE8	Q31QE8_SYNE7	Synpcc7942_0689
Q31QE9	Q31QE9_SYNE7	Synpcc7942_0688
Q31QF0	Q31QF0_SYNE7	Synpcc7942_0687
Q31QF4	Q31QF4_SYNE7	Synpcc7942_0683
Q31QF5	Q31QF5_SYNE7	Synpcc7942_0682
Q31QF8	Q31QF8_SYNE7	Synpcc7942_0679
Q31QF9	Q31QF9_SYNE7	Synpcc7942_0678
Q31QG0	Q31QG0_SYNE7	Synpcc7942_0677
Q31QG1	Q31QG1_SYNE7	Synpcc7942_0676
Q31QG2	Q31QG2_SYNE7	Synpcc7942_0675
Q31QG6	Q31QG6_SYNE7	Synpcc7942_0671
Q31QG8	3MGH_SYNE7	Synpcc7942_0669
Q31QG9	Q31QG9_SYNE7	Synpcc7942_0668
Q31QH0	Q31QH0_SYNE7	Synpcc7942_0667
Q31QH1	Q31QH1_SYNE7	Synpcc7942_0666
Q31QH2	Q31QH2_SYNE7	Synpcc7942_0665
Q31QH3	Q31QH3_SYNE7	Synpcc7942_0664
Q31QH4	Q31QH4_SYNE7	Synpcc7942_0663
Q31QH5	Q31QH5_SYNE7	Synpcc7942_0662
Q31QH6	Q31QH6_SYNE7	Synpcc7942_0661
Q31QH7	Q31QH7_SYNE7	Synpcc7942_0660
Q31QH8	Q31QH8_SYNE7	Synpcc7942_0659
Q31QH9	Q31QH9_SYNE7	Synpcc7942_0658
Q31QI0	Q31QI0_SYNE7	Synpcc7942_0657
Q31QI5	Q31QI5_SYNE7	Synpcc7942_0652
Q31QI7	Q31QI7_SYNE7	Synpcc7942_0650
Q31QI9	Q31QI9_SYNE7	Synpcc7942_0648
Q31QJ1	Q31QJ1_SYNE7	Synpcc7942_0646
Q31QJ4	Q31QJ4_SYNE7	Synpcc7942_0643
Q31QJ6	Q31QJ6_SYNE7	Synpcc7942_0641
Q31QJ7	Q31QJ7_SYNE7	Synpcc7942_0640
Q31QK7	Q31QK7_SYNE7	Synpcc7942_0630
Q31QK8	Q31QK8_SYNE7	Synpcc7942_0629
Q31QL0	Q31QL0_SYNE7	Synpcc7942_0627
Q31QL2	Q31QL2_SYNE7	Synpcc7942_0625
Q31QL6	Q31QL6_SYNE7	Synpcc7942_0621
Q31QL7	Q31QL7_SYNE7	Synpcc7942_0620
Q31QL8	Q31QL8_SYNE7	Synpcc7942_0619
Q31QM0	Q31QM0_SYNE7	Synpcc7942_0617
Q31QM2	Q31QM2_SYNE7	Synpcc7942_0615
Q31QM3	Q31QM3_SYNE7	Synpcc7942_0614
Q31QM4	Q31QM4_SYNE7	Synpcc7942_0613
Q31QN0	Q31QN0_SYNE7	Synpcc7942_0607
Q31QN2	Q31QN2_SYNE7	Synpcc7942_0605
Q31QN5	Q31QN5_SYNE7	Synpcc7942_0602
Q31QN6	Q31QN6_SYNE7	Synpcc7942_0601
Q31QN8	Q31QN8_SYNE7	Synpcc7942_0599
Q31QN9	Q31QN9_SYNE7	Synpcc7942_0598
Q31QP1	Q31QP1_SYNE7	Synpcc7942_0596
Q31QP2	Q31QP2_SYNE7	Synpcc7942_0595
Q31QP3	Q31QP3_SYNE7	Synpcc7942_0594
Q31QP4	Q31QP4_SYNE7	Synpcc7942_0593
Q31QP8	Q31QP8_SYNE7	Synpcc7942_0589
Q31QQ1	Q31QQ1_SYNE7	Synpcc7942_0586
Q31QQ2	Q31QQ2_SYNE7	Synpcc7942_0585
Q31QQ5	Q31QQ5_SYNE7	Synpcc7942_0582
Q31QQ6	Q31QQ6_SYNE7	Synpcc7942_0581
Q31QR0	Q31QR0_SYNE7	Synpcc7942_0577
Q31QR2	Q31QR2_SYNE7	Synpcc7942_0575
Q31QR3	Q31QR3_SYNE7	Synpcc7942_0574
Q31QR4	Q31QR4_SYNE7	Synpcc7942_0573
Q31QR5	Q31QR5_SYNE7	Synpcc7942_0572
Q31QR6	Q31QR6_SYNE7	Synpcc7942_0571
Q31QR7	Q31QR7_SYNE7	Synpcc7942_0570
Q31QR9	Q31QR9_SYNE7	Synpcc7942_0568
Q31QS0	Q31QS0_SYNE7	Synpcc7942_0567
Q31QS1	Q31QS1_SYNE7	Synpcc7942_0566
Q31QS2	Q31QS2_SYNE7	Synpcc7942_0565
Q31QS3	Q31QS3_SYNE7	Synpcc7942_0564
Q31QS5	Q31QS5_SYNE7	Synpcc7942_0562
Q31QS6	Q31QS6_SYNE7	Synpcc7942_0561
Q31QS7	Q31QS7_SYNE7	Synpcc7942_0560
Q31QS9	Q31QS9_SYNE7	Synpcc7942_0558
Q31QT0	Q31QT0_SYNE7	Synpcc7942_0557
Q31QT1	Q31QT1_SYNE7	Synpcc7942_0556
Q31QT2	Q31QT2_SYNE7	Synpcc7942_0555
Q31QT4	Q31QT4_SYNE7	Synpcc7942_0553
Q31QT5	Q31QT5_SYNE7	Synpcc7942_0552
Q31QT6	Q31QT6_SYNE7	Synpcc7942_0551
Q31QT7	Q31QT7_SYNE7	Synpcc7942_0550
Q31QT8	Q31QT8_SYNE7	Synpcc7942_0549
Q31QT9	Q31QT9_SYNE7	Synpcc7942_0548
Q31QU0	Q31QU0_SYNE7	Synpcc7942_0547
Q31QU2	Q31QU2_SYNE7	Synpcc7942_0545
Q31QU3	Q31QU3_SYNE7	Synpcc7942_0544
Q31QU4	Q31QU4_SYNE7	Synpcc7942_0543
Q31QU6	Q31QU6_SYNE7	Synpcc7942_0541
Q31QU7	Q31QU7_SYNE7	Synpcc7942_0540
Q31QU8	Q31QU8_SYNE7	Synpcc7942_0539
Q31QV4	Q31QV4_SYNE7	Synpcc7942_0533
Q31QV5	Q31QV5_SYNE7	Synpcc7942_0532
Q31QV6	Q31QV6_SYNE7	Synpcc7942_0531
Q31QV9	Q31QV9_SYNE7	Synpcc7942_0528
Q31QW0	Q31QW0_SYNE7	Synpcc7942_0527
Q31QW1	Q31QW1_SYNE7	Synpcc7942_0526
Q31QW3	Q31QW3_SYNE7	Synpcc7942_0524
Q31QW4	Q31QW4_SYNE7	Synpcc7942_0523
Q31QW5	Q31QW5_SYNE7	Synpcc7942_0522
Q31QW6	Q31QW6_SYNE7	Synpcc7942_0521
Q31QW8	Q31QW8_SYNE7	Synpcc7942_0519
Q31QW9	Q31QW9_SYNE7	Synpcc7942_0518
Q31QX0	Q31QX0_SYNE7	Synpcc7942_0517
Q31QX1	Q31QX1_SYNE7	Synpcc7942_0516
Q31QX2	Q31QX2_SYNE7	Synpcc7942_0515
Q31QX3	Q31QX3_SYNE7	Synpcc7942_0514
Q31QX4	Q31QX4_SYNE7	Synpcc7942_0513
Q31QX5	Q31QX5_SYNE7	Synpcc7942_0512
Q31QX8	Q31QX8_SYNE7	Synpcc7942_0509
Q31QX9	Q31QX9_SYNE7	Synpcc7942_0508
Q31QY4	Q31QY4_SYNE7	Synpcc7942_0503
Q31QY5	Q31QY5_SYNE7	Synpcc7942_0502
Q31QY6	Q31QY6_SYNE7	Synpcc7942_0501
Q31QY7	Q31QY7_SYNE7	Synpcc7942_0500
Q31QY8	Q31QY8_SYNE7	Synpcc7942_0499
Q31QZ0	Q31QZ0_SYNE7	Synpcc7942_0497
Q31QZ1	Q31QZ1_SYNE7	Synpcc7942_0496
Q31QZ2	Q31QZ2_SYNE7	Synpcc7942_0495
Q31QZ3	Q31QZ3_SYNE7	Synpcc7942_0494
Q31QZ4	Q31QZ4_SYNE7	Synpcc7942_0493
Q31QZ6	Q31QZ6_SYNE7	Synpcc7942_0491
Q31QZ7	Q31QZ7_SYNE7	Synpcc7942_0490
Q31R01	Q31R01_SYNE7	Synpcc7942_0486
Q31R02	Q31R02_SYNE7	Synpcc7942_0485
Q31R03	Q31R03_SYNE7	Synpcc7942_0484
Q31R04	Q31R04_SYNE7	Synpcc7942_0483
Q31R05	Q31R05_SYNE7	Synpcc7942_0482
Q31R06	Q31R06_SYNE7	Synpcc7942_0481
Q31R07	Q31R07_SYNE7	Synpcc7942_0480
Q31R10	Q31R10_SYNE7	Synpcc7942_0477
Q31R11	Q31R11_SYNE7	Synpcc7942_0476
Q31R13	Q31R13_SYNE7	Synpcc7942_0474
Q31R14	Q31R14_SYNE7	Synpcc7942_0473
Q31R16	Q31R16_SYNE7	Synpcc7942_0471
Q31R17	Q31R17_SYNE7	Synpcc7942_0470
Q31R22	Q31R22_SYNE7	Synpcc7942_0465
Q31R24	Q31R24_SYNE7	Synpcc7942_0463
Q31R25	Q31R25_SYNE7	Synpcc7942_0462
Q31R34	Q31R34_SYNE7	Synpcc7942_0453
Q31R35	Q31R35_SYNE7	Synpcc7942_0452
Q31R48	Q31R48_SYNE7	Synpcc7942_0439
Q31R49	Q31R49_SYNE7	Synpcc7942_0438
Q31R52	Q31R52_SYNE7	Synpcc7942_0435
Q31R56	Q31R56_SYNE7	Synpcc7942_0431
Q31R58	Q31R58_SYNE7	Synpcc7942_0429
Q31R64	Q31R64_SYNE7	Synpcc7942_0423
Q31R65	Q31R65_SYNE7	Synpcc7942_0422
Q31R67	Q31R67_SYNE7	Synpcc7942_0420
Q31R69	Q31R69_SYNE7	Synpcc7942_0418
Q31R70	Q31R70_SYNE7	Synpcc7942_0417
Q31R71	Q31R71_SYNE7	Synpcc7942_0416
Q31R72	Q31R72_SYNE7	Synpcc7942_0415
Q31R73	Q31R73_SYNE7	Synpcc7942_0414
Q31R75	Q31R75_SYNE7	Synpcc7942_0412
Q31R77	Q31R77_SYNE7	Synpcc7942_0410
Q31R78	Q31R78_SYNE7	Synpcc7942_0409
Q31R81	Q31R81_SYNE7	Synpcc7942_0406
Q31R82	Q31R82_SYNE7	Synpcc7942_0405
Q31R84	Q31R84_SYNE7	Synpcc7942_0403
Q31R88	Q31R88_SYNE7	Synpcc7942_0399
Q31R89	Q31R89_SYNE7	Synpcc7942_0398
Q31R92	Q31R92_SYNE7	Synpcc7942_0395
Q31R94	Q31R94_SYNE7	Synpcc7942_0393
Q31R96	Q31R96_SYNE7	Synpcc7942_0391
Q31R97	Q31R97_SYNE7	Synpcc7942_0390
Q31R98	Q31R98_SYNE7	Synpcc7942_0389
Q31R99	Q31R99_SYNE7	Synpcc7942_0388
Q31RA3	Q31RA3_SYNE7	Synpcc7942_0384
Q31RA4	Q31RA4_SYNE7	Synpcc7942_0383
Q31RA5	Q31RA5_SYNE7	Synpcc7942_0382
Q31RA6	Q31RA6_SYNE7	Synpcc7942_0381
Q31RA7	Q31RA7_SYNE7	Synpcc7942_0380
Q31RA8	Q31RA8_SYNE7	Synpcc7942_0379
Q31RB0	Q31RB0_SYNE7	Synpcc7942_0377
Q31RB1	Q31RB1_SYNE7	Synpcc7942_0376
Q31RB3	Q31RB3_SYNE7	Synpcc7942_0374
Q31RB4	Q31RB4_SYNE7	Synpcc7942_0373
Q31RB5	Q31RB5_SYNE7	Synpcc7942_0372
Q31RB7	Q31RB7_SYNE7	Synpcc7942_0370
Q31RB8	Q31RB8_SYNE7	Synpcc7942_0369
Q31RC0	Q31RC0_SYNE7	Synpcc7942_0367
Q31RC1	Q31RC1_SYNE7	Synpcc7942_0366
Q31RC2	Q31RC2_SYNE7	Synpcc7942_0365
Q31RC3	Q31RC3_SYNE7	Synpcc7942_0364
Q31RC4	Q31RC4_SYNE7	Synpcc7942_0363
Q31RC5	Q31RC5_SYNE7	Synpcc7942_0362
Q31RC7	Q31RC7_SYNE7	Synpcc7942_0360
Q31RC8	Q31RC8_SYNE7	Synpcc7942_0359
Q31RD1	Q31RD1_SYNE7	Synpcc7942_0356
Q31RD4	Q31RD4_SYNE7	Synpcc7942_0353
Q31RD5	Q31RD5_SYNE7	Synpcc7942_0352
Q31RD6	Q31RD6_SYNE7	Synpcc7942_0351
Q31RD7	Q31RD7_SYNE7	Synpcc7942_0350
Q31RD8	Q31RD8_SYNE7	Synpcc7942_0349
Q31RE0	Q31RE0_SYNE7	Synpcc7942_0347
Q31RE2	Q31RE2_SYNE7	Synpcc7942_0345
Q31RE3	Q31RE3_SYNE7	Synpcc7942_0344
Q31RE5	Q31RE5_SYNE7	Synpcc7942_0342
Q31RE6	Q31RE6_SYNE7	Synpcc7942_0341
Q31RE7	Q31RE7_SYNE7	Synpcc7942_0340
Q31RE8	Q31RE8_SYNE7	Synpcc7942_0339
Q31RE9	Q31RE9_SYNE7	Synpcc7942_0338
Q31RF7	Q31RF7_SYNE7	Synpcc7942_0330
Q31RF8	Q31RF8_SYNE7	Synpcc7942_0329
Q31RG4	Q31RG4_SYNE7	Synpcc7942_0323
Q31RG8	Q31RG8_SYNE7	Synpcc7942_0319
Q31RG9	Q31RG9_SYNE7	Synpcc7942_0318
Q31RH0	Q31RH0_SYNE7	Synpcc7942_0317
Q31RH1	Q31RH1_SYNE7	Synpcc7942_0316
Q31RH3	Q31RH3_SYNE7	Synpcc7942_0314
Q31RH4	Q31RH4_SYNE7	Synpcc7942_0313
Q31RH5	Y312_SYNE7	Synpcc7942_0312
Q31RI1	Q31RI1_SYNE7	Synpcc7942_0306
Q31RI2	Q31RI2_SYNE7	Synpcc7942_0305
Q31RI3	Q31RI3_SYNE7	Synpcc7942_0304
Q31RI4	Q31RI4_SYNE7	Synpcc7942_0303
Q31RI6	Q31RI6_SYNE7	Synpcc7942_0301
Q31RI8	Q31RI8_SYNE7	Synpcc7942_0299
Q31RI9	Q31RI9_SYNE7	Synpcc7942_0298
Q31RJ1	Q31RJ1_SYNE7	Synpcc7942_0296
Q31RJ4	Q31RJ4_SYNE7	Synpcc7942_0293
Q31RJ6	Q31RJ6_SYNE7	Synpcc7942_0291
Q31RK0	Q31RK0_SYNE7	Synpcc7942_0287
Q31RK1	Q31RK1_SYNE7	Synpcc7942_0286
Q31RK7	CINAL_SYNE7	Synpcc7942_0280
Q31RK8	Q31RK8_SYNE7	Synpcc7942_0279
Q31RK9	Q31RK9_SYNE7	Synpcc7942_0278
Q31RL1	Q31RL1_SYNE7	Synpcc7942_0276
Q31RL2	Q31RL2_SYNE7	Synpcc7942_0275
Q31RL3	Q31RL3_SYNE7	Synpcc7942_0274
Q31RL8	Q31RL8_SYNE7	Synpcc7942_0269
Q31RL9	Q31RL9_SYNE7	Synpcc7942_0268
Q31RM1	Q31RM1_SYNE7	Synpcc7942_0266
Q31RM2	Q31RM2_SYNE7	Synpcc7942_0265
Q31RM6	Q31RM6_SYNE7	Synpcc7942_0261
Q31RM7	Q31RM7_SYNE7	Synpcc7942_0260
Q31RM8	Q31RM8_SYNE7	Synpcc7942_0259
Q31RM9	Q31RM9_SYNE7	Synpcc7942_0258
Q31RN0	Q31RN0_SYNE7	Synpcc7942_0257
Q31RN1	Q31RN1_SYNE7	Synpcc7942_0256
Q31RN2	Q31RN2_SYNE7	Synpcc7942_0255
Q31RN4	Q31RN4_SYNE7	Synpcc7942_0253
Q31RN5	Q31RN5_SYNE7	Synpcc7942_0252
Q31RN6	Q31RN6_SYNE7	Synpcc7942_0251
Q31RN7	Q31RN7_SYNE7	Synpcc7942_0250
Q31RN8	Q31RN8_SYNE7	Synpcc7942_0249
Q31RN9	Q31RN9_SYNE7	Synpcc7942_0248
Q31RP0	Q31RP0_SYNE7	Synpcc7942_0247
Q31RP1	Q31RP1_SYNE7	Synpcc7942_0246
Q31RP4	Q31RP4_SYNE7	Synpcc7942_0243
Q31RP5	Q31RP5_SYNE7	Synpcc7942_0242
Q31RP6	Q31RP6_SYNE7	Synpcc7942_0241
Q31RP9	Q31RP9_SYNE7	Synpcc7942_0238
Q31RQ0	Q31RQ0_SYNE7	Synpcc7942_0237
Q31RQ1	Q31RQ1_SYNE7	Synpcc7942_0236
Q31RQ2	Q31RQ2_SYNE7	Synpcc7942_0235
Q31RQ3	Q31RQ3_SYNE7	Synpcc7942_0234
Q31RQ4	Q31RQ4_SYNE7	Synpcc7942_0233
Q31RQ6	Q31RQ6_SYNE7	Synpcc7942_0231
Q31RQ7	Q31RQ7_SYNE7	Synpcc7942_0230
Q31RQ8	Q31RQ8_SYNE7	Synpcc7942_0229
Q31RQ9	Q31RQ9_SYNE7	Synpcc7942_0228
Q31RR4	Q31RR4_SYNE7	Synpcc7942_0223
Q31RR5	Q31RR5_SYNE7	Synpcc7942_0222
Q31RR7	Q31RR7_SYNE7	Synpcc7942_0220
Q31RR8	Q31RR8_SYNE7	Synpcc7942_0219
Q31RR9	Q31RR9_SYNE7	Synpcc7942_0218
Q31RS0	Q31RS0_SYNE7	Synpcc7942_0217
Q31RS1	Q31RS1_SYNE7	Synpcc7942_0216
Q31RS2	Q31RS2_SYNE7	Synpcc7942_0215
Q31RS3	Q31RS3_SYNE7	Synpcc7942_0214
Q31RS4	Q31RS4_SYNE7	Synpcc7942_0213
Q31RS7	Q31RS7_SYNE7	Synpcc7942_0210
Q31RS9	Q31RS9_SYNE7	Synpcc7942_0208
Q31RT0	Q31RT0_SYNE7	Synpcc7942_0207
Q31RT2	Q31RT2_SYNE7	Synpcc7942_0205
Q31RT3	Q31RT3_SYNE7	Synpcc7942_0204
Q31RT6	Q31RT6_SYNE7	Synpcc7942_0201
Q31RT7	Q31RT7_SYNE7	Synpcc7942_0200
Q31RT8	Q31RT8_SYNE7	Synpcc7942_0199
Q31RT9	Q31RT9_SYNE7	Synpcc7942_0198
Q31RU1	Q31RU1_SYNE7	Synpcc7942_0196
Q31RU2	Q31RU2_SYNE7	Synpcc7942_0195
Q31RU4	Q31RU4_SYNE7	Synpcc7942_0193
Q31RU5	Q31RU5_SYNE7	Synpcc7942_0192
Q31RU9	Q31RU9_SYNE7	Synpcc7942_0188
Q31RV0	Q31RV0_SYNE7	Synpcc7942_0187
Q31RV1	Q31RV1_SYNE7	Synpcc7942_0186
Q31RV2	Q31RV2_SYNE7	Synpcc7942_0185
Q31RV3	Q31RV3_SYNE7	Synpcc7942_0184
Q31RV4	Q31RV4_SYNE7	Synpcc7942_0183
Q31RV5	Q31RV5_SYNE7	Synpcc7942_0182
Q31RV6	Q31RV6_SYNE7	Synpcc7942_0181
Q31RV7	Q31RV7_SYNE7	Synpcc7942_0180
Q31RV8	Q31RV8_SYNE7	Synpcc7942_0179
Q31RV9	Q31RV9_SYNE7	Synpcc7942_0178
Q31RW0	Q31RW0_SYNE7	Synpcc7942_0177
Q31RW1	Q31RW1_SYNE7	Synpcc7942_0176
Q31RW2	Q31RW2_SYNE7	Synpcc7942_0175
Q31RW4	Q31RW4_SYNE7	Synpcc7942_0173
Q31RW5	Q31RW5_SYNE7	Synpcc7942_0172
Q31RW6	Q31RW6_SYNE7	Synpcc7942_0171
Q31RW7	Q31RW7_SYNE7	Synpcc7942_0170
Q31RW8	Q31RW8_SYNE7	Synpcc7942_0169
Q31RW9	Q31RW9_SYNE7	Synpcc7942_0168
Q31RX0	Q31RX0_SYNE7	Synpcc7942_0167
Q31RX1	Q31RX1_SYNE7	Synpcc7942_0166
Q31RX2	Q31RX2_SYNE7	Synpcc7942_0165
Q31RX4	Q31RX4_SYNE7	Synpcc7942_0163
Q31RX5	Q31RX5_SYNE7	Synpcc7942_0162
Q31RX6	Q31RX6_SYNE7	Synpcc7942_0161
Q31RX8	Q31RX8_SYNE7	Synpcc7942_0159
Q31RX9	Q31RX9_SYNE7	Synpcc7942_0158
Q31RY0	Q31RY0_SYNE7	Synpcc7942_0157
Q31RY2	Q31RY2_SYNE7	Synpcc7942_0155
Q31RY3	Q31RY3_SYNE7	Synpcc7942_0154
Q31RY4	Q31RY4_SYNE7	Synpcc7942_0153
Q31RY8	Q31RY8_SYNE7	Synpcc7942_0149
Q31RY9	Q31RY9_SYNE7	Synpcc7942_0148
Q31RZ0	Q31RZ0_SYNE7	Synpcc7942_0147
Q31RZ1	Q31RZ1_SYNE7	Synpcc7942_0146
Q31RZ2	Q31RZ2_SYNE7	Synpcc7942_0145
Q31RZ3	Q31RZ3_SYNE7	Synpcc7942_0144
Q31RZ7	Q31RZ7_SYNE7	Synpcc7942_0140
Q31RZ9	Q31RZ9_SYNE7	Synpcc7942_0138
Q31S01	Q31S01_SYNE7	Synpcc7942_0136
Q31S02	Q31S02_SYNE7	Synpcc7942_0135
Q31S03	Q31S03_SYNE7	Synpcc7942_0134
Q31S04	Q31S04_SYNE7	Synpcc7942_0133
Q31S05	Q31S05_SYNE7	Synpcc7942_0132
Q31S06	Q31S06_SYNE7	Synpcc7942_0131
Q31S07	Q31S07_SYNE7	Synpcc7942_0130
Q31S08	Q31S08_SYNE7	Synpcc7942_0129
Q31S09	Q31S09_SYNE7	Synpcc7942_0128
Q31S13	Q31S13_SYNE7	Synpcc7942_0124
Q31S14	Q31S14_SYNE7	Synpcc7942_0123
Q31S16	Q31S16_SYNE7	Synpcc7942_0121
Q31S17	Q31S17_SYNE7	Synpcc7942_0120
Q31S18	Q31S18_SYNE7	Synpcc7942_0119
Q31S20	Q31S20_SYNE7	Synpcc7942_0117
Q31S22	Q31S22_SYNE7	Synpcc7942_0115
Q31S23	Q31S23_SYNE7	Synpcc7942_0114
Q31S24	Q31S24_SYNE7	Synpcc7942_0113
Q31S26	Q31S26_SYNE7	Synpcc7942_0111
Q31S27	Q31S27_SYNE7	Synpcc7942_0110
Q31S28	Q31S28_SYNE7	Synpcc7942_0109
Q31S30	Q31S30_SYNE7	Synpcc7942_0107
Q31S33	Q31S33_SYNE7	Synpcc7942_0104
Q31S34	Q31S34_SYNE7	Synpcc7942_0103
Q31S35	Q31S35_SYNE7	Synpcc7942_0102
Q31S36	Q31S36_SYNE7	Synpcc7942_0101
Q31S37	Q31S37_SYNE7	Synpcc7942_0100
Q31S38	Q31S38_SYNE7	Synpcc7942_0099
Q31S40	Q31S40_SYNE7	Synpcc7942_0097
Q31S41	Q31S41_SYNE7	Synpcc7942_0096
Q31S43	Q31S43_SYNE7	Synpcc7942_0094
Q31S45	Q31S45_SYNE7	Synpcc7942_0092
Q31S46	Q31S46_SYNE7	Synpcc7942_0091
Q31S47	Q31S47_SYNE7	Synpcc7942_0090
Q31S48	Q31S48_SYNE7	Synpcc7942_0089
Q31S49	Q31S49_SYNE7	Synpcc7942_0088
Q31S50	Q31S50_SYNE7	Synpcc7942_0087
Q31S51	Q31S51_SYNE7	Synpcc7942_0086
Q31S52	Q31S52_SYNE7	Synpcc7942_0085
Q31S55	Q31S55_SYNE7	Synpcc7942_0082
Q31S56	Q31S56_SYNE7	Synpcc7942_0081
Q31S57	Q31S57_SYNE7	Synpcc7942_0080
Q31S58	Q31S58_SYNE7	Synpcc7942_0079
Q31S59	Q31S59_SYNE7	Synpcc7942_0078
Q31S60	Q31S60_SYNE7	Synpcc7942_0077
Q31S61	Q31S61_SYNE7	Synpcc7942_0076
Q31S62	Q31S62_SYNE7	Synpcc7942_0075
Q31S63	Q31S63_SYNE7	Synpcc7942_0074
Q31S65	Q31S65_SYNE7	Synpcc7942_0072
Q31S66	Q31S66_SYNE7	Synpcc7942_0071
Q31S67	Q31S67_SYNE7	Synpcc7942_0070
Q31S68	Q31S68_SYNE7	Synpcc7942_0069
Q31S69	Q31S69_SYNE7	Synpcc7942_0068
Q31S70	Q31S70_SYNE7	Synpcc7942_0067
Q31S71	Q31S71_SYNE7	Synpcc7942_0066
Q31S73	Q31S73_SYNE7	Synpcc7942_0064
Q31S74	Q31S74_SYNE7	Synpcc7942_0063
Q31S75	Q31S75_SYNE7	Synpcc7942_0062
Q31S76	Q31S76_SYNE7	Synpcc7942_0061
Q31S77	Q31S77_SYNE7	Synpcc7942_0060
Q31S78	Q31S78_SYNE7	Synpcc7942_0059
Q31S80	Q31S80_SYNE7	Synpcc7942_0057
Q31S81	Q31S81_SYNE7	Synpcc7942_0056
Q31S82	Q31S82_SYNE7	Synpcc7942_0055
Q31S84	Q31S84_SYNE7	Synpcc7942_0053
Q31S85	Q31S85_SYNE7	Synpcc7942_0052
Q31S86	Q31S86_SYNE7	Synpcc7942_0051
Q31S87	Q31S87_SYNE7	Synpcc7942_0050
Q31S88	Q31S88_SYNE7	Synpcc7942_0049
Q31S89	Q31S89_SYNE7	Synpcc7942_0048
Q31S90	Q31S90_SYNE7	Synpcc7942_0047
Q31S91	Q31S91_SYNE7	Synpcc7942_0046
Q31S92	Q31S92_SYNE7	Synpcc7942_0045
Q31S93	Q31S93_SYNE7	Synpcc7942_0044
Q31S94	Q31S94_SYNE7	Synpcc7942_0043
Q31S96	Q31S96_SYNE7	Synpcc7942_0041
Q31S99	Q31S99_SYNE7	Synpcc7942_0038
Q31SA0	Q31SA0_SYNE7	Synpcc7942_0037
Q31SA1	Q31SA1_SYNE7	Synpcc7942_0036
Q31SA2	Q31SA2_SYNE7	Synpcc7942_0035
Q31SA3	Q31SA3_SYNE7	Synpcc7942_0034
Q31SA4	Q31SA4_SYNE7	Synpcc7942_0033
Q31SA5	Q31SA5_SYNE7	Synpcc7942_0032
Q31SA8	Q31SA8_SYNE7	Synpcc7942_0029
Q31SA9	Q31SA9_SYNE7	Synpcc7942_0028
Q31SB0	Q31SB0_SYNE7	Synpcc7942_0027
Q31SB1	Q31SB1_SYNE7	Synpcc7942_0026
Q31SB2	Q31SB2_SYNE7	Synpcc7942_0025
Q31SB3	Q31SB3_SYNE7	Synpcc7942_0024
Q31SB5	Q31SB5_SYNE7	Synpcc7942_0022
Q31SB6	Q31SB6_SYNE7	Synpcc7942_0021
Q31SB7	Q31SB7_SYNE7	Synpcc7942_0020
Q31SC0	Q31SC0_SYNE7	Synpcc7942_0017
Q31SC1	Q31SC1_SYNE7	Synpcc7942_0016
Q31SC3	Q31SC3_SYNE7	Synpcc7942_0014
Q31SC4	Q31SC4_SYNE7	Synpcc7942_0013
Q31SC6	Q31SC6_SYNE7	Synpcc7942_0011
Q31SC7	Q31SC7_SYNE7	Synpcc7942_0010
Q31SC9	Q31SC9_SYNE7	Synpcc7942_0008
Q31SD0	Q31SD0_SYNE7	Synpcc7942_0007
Q31SD1	Q31SD1_SYNE7	Synpcc7942_0006
Q31SD2	Q31SD2_SYNE7	Synpcc7942_0005
Q31SD5	Q31SD5_SYNE7	Synpcc7942_0002
Q53570	Q53570_SYNE7	
Q53571	Q53571_SYNE7	
Q53572	Q53572_SYNE7	
Q53573	Q53573_SYNE7	
Q53574	Q53574_SYNE7	
Q53575	Q53575_SYNE7	
Q53576	Q53576_SYNE7	
Q53577	Q53577_SYNE7	
Q54704	Q54704_SYNE7	Synpcc7942_2498
Q54705	Q54705_SYNE7	Synpcc7942_2499
Q54709	OPCA_SYNE7	Synpcc7942_2333
Q54729	Q54729_SYNE7	
Q54730	Q54730_SYNE7	
Q54731	Q54731_SYNE7	Synpcc7942_0084
Q54732	Q54732_SYNE7	Synpcc7942_0083
Q54733	Q54733_SYNE7	
Q54734	Q54734_SYNE7	Synpcc7942_0578
Q54756	Q54756_SYNE7	Synpcc7942_1380
Q54758	Q54758_SYNE7	
Q54759	Q54759_SYNE7	
Q54763	Q54763_SYNE7	Synpcc7942_2562
Q54767	Q54767_SYNE7	Synpcc7942_1596
Q54768	Q54768_SYNE7	
Q54770	Q54770_SYNE7	
Q54771	Q54771_SYNE7	Synpcc7942_1949
Q54772	Q54772_SYNE7	Synpcc7942_1951
Q54773	Q54773_SYNE7	Synpcc7942_1952
Q54777	Q54777_SYNE7	Synpcc7942_1957
Q54778	Q54778_SYNE7	
Q54976	Q54976_SYNE7	
Q55040	Q55040_SYNE7	
Q55236	Q55236_SYNE7	
Q55237	Q55237_SYNE7	
Q55283	Q55283_SYNE7	Synpcc7942_1241
Q55319	Q55319_SYNE7	
Q55321	Q55321_SYNE7	
Q57311	Q57311_SYNE7	Synpcc7942_1429
Q57546	Q57546_SYNE7	
Q6BBK3	Q6BBK3_SYNE7	Synpcc7942_0361
Q6UP27	Q6UP27_SYNE7	
Q6VYY4	Q6VYY4_SYNE7	Synpcc7942_0546
Q769G1	Q769G1_SYNE7	
Q769G2	Q769G2_SYNE7	
Q769G3	Q769G3_SYNE7	
Q79F69	Q79F69_SYNE7	
Q79PE8	Q79PE8_SYNE7	Synpcc7942_1210
Q79PE9	Q79PE9_SYNE7	Synpcc7942_1211
Q79PF0	Q79PF0_SYNE7	Synpcc7942_1212
Q79PF3	Q79PF3_SYNE7	Synpcc7942_1215
Q79PF9	Q79PF9_SYNE7	Synpcc7942_1221
Q79PG0	Q79PG0_SYNE7	Synpcc7942_1571
Q79PG5	Q79PG5_SYNE7	Synpcc7942_1590
Q7BW12	Q7BW12_SYNE7	
Q7BW13	Q7BW13_SYNE7	Synpcc7942_2106
Q7DL67	Q7DL67_SYNE7	
Q7X386	Q7X386_SYNE7	Synpcc7942_2061
Q84FM5	Q84FM5_SYNE7	
Q8GA99	Q8GA99_SYNE7	
Q8GAA1	Q8GAA1_SYNE7	
Q8GAA4	Q8GAA4_SYNE7	Synpcc7942_0444
Q8GAA5	Q8GAA5_SYNE7	Synpcc7942_0445
Q8GIR5	Q8GIR5_SYNE7	
Q8GIR6	Q8GIR6_SYNE7	
Q8GIR9	Q8GIR9_SYNE7	Synpcc7942_2473
Q8GIS0	Q8GIS0_SYNE7	Synpcc7942_2474
Q8GIS2	Q8GIS2_SYNE7	
Q8GIS3	Q8GIS3_SYNE7	Synpcc7942_2477
Q8GIS4	Q8GIS4_SYNE7	Synpcc7942_2478
Q8GIS5	Q8GIS5_SYNE7	
Q8GIS6	Q8GIS6_SYNE7	Synpcc7942_2480
Q8GIS7	Q8GIS7_SYNE7	Synpcc7942_2481
Q8GIS8	Q8GIS8_SYNE7	Synpcc7942_2482
Q8GIS9	Q8GIS9_SYNE7	
Q8GIT0	Q8GIT0_SYNE7	Synpcc7942_2484
Q8GIT1	Q8GIT1_SYNE7	Synpcc7942_2485
Q8GIT2	Q8GIT2_SYNE7	Synpcc7942_2486
Q8GIT4	Q8GIT4_SYNE7	
Q8GIT5	Q8GIT5_SYNE7	
Q8GIT8	Q8GIT8_SYNE7	
Q8GIT9	Q8GIT9_SYNE7	
Q8GIU0	Q8GIU0_SYNE7	Synpcc7942_2493
Q8GIU1	Q8GIU1_SYNE7	Synpcc7942_2494
Q8GJK3	Q8GJK3_SYNE7	
Q8GJK4	Q8GJK4_SYNE7	Synpcc7942_1812
Q8GJK5	Q8GJK5_SYNE7	
Q8GJK6	Q8GJK6_SYNE7	
Q8GJK8	Q8GJK8_SYNE7	
Q8GJK9	Q8GJK9_SYNE7	
Q8GJL0	Q8GJL0_SYNE7	Synpcc7942_1819
Q8GJL1	Q8GJL1_SYNE7	
Q8GJL2	Q8GJL2_SYNE7	
Q8GJL3	Q8GJL3_SYNE7	Synpcc7942_1821
Q8GJL4	Q8GJL4_SYNE7	
Q8GJL5	Q8GJL5_SYNE7	Synpcc7942_1824
Q8GJL7	Q8GJL7_SYNE7	
Q8GJL8	Q8GJL8_SYNE7	
Q8GJL9	Q8GJL9_SYNE7	Synpcc7942_1828
Q8GJM1	Q8GJM1_SYNE7	
Q8GJM2	Q8GJM2_SYNE7	
Q8GJM3	Q8GJM3_SYNE7	
Q8GJM4	Q8GJM4_SYNE7	
Q8GJM7	Q8GJM7_SYNE7	Synpcc7942_1835
Q8GJM8	Q8GJM8_SYNE7	
Q8GJM9	Q8GJM9_SYNE7	
Q8GJN1	Q8GJN1_SYNE7	
Q8GJN2	Q8GJN2_SYNE7	
Q8GJN5	Q8GJN5_SYNE7	
Q8GJN7	Q8GJN7_SYNE7	Synpcc7942_1845
Q8GJN8	Q8GJN8_SYNE7	
Q8GMQ0	Q8GMQ0_SYNE7	
Q8GMQ1	Q8GMQ1_SYNE7	
Q8GMQ2	Q8GMQ2_SYNE7	Synpcc7942_0425
Q8GMQ3	Q8GMQ3_SYNE7	Synpcc7942_0426
Q8GMQ4	Q8GMQ4_SYNE7	Synpcc7942_0427
Q8GMQ5	Q8GMQ5_SYNE7	Synpcc7942_0433
Q8GMQ6	Q8GMQ6_SYNE7	Synpcc7942_0434
Q8GMQ7	Q8GMQ7_SYNE7	
Q8GMQ8	Q8GMQ8_SYNE7	Synpcc7942_0436
Q8GMQ9	Q8GMQ9_SYNE7	Synpcc7942_0437
Q8GMR0	Q8GMR0_SYNE7	
Q8GMR1	Q8GMR1_SYNE7	
Q8GMR2	Q8GMR2_SYNE7	
Q8GMR4	Q8GMR4_SYNE7	Synpcc7942_0443
Q8GMR8	Q8GMR8_SYNE7	Synpcc7942_0450
Q8GMR9	Q8GMR9_SYNE7	Synpcc7942_0451
Q8GMS0	Q8GMS0_SYNE7	
Q8GMS1	Q8GMS1_SYNE7	
Q8GMS3	Q8GMS3_SYNE7	Synpcc7942_0457
Q8GMS6	Q8GMS6_SYNE7	Synpcc7942_0460
Q8GMS7	Q8GMS7_SYNE7	Synpcc7942_0461
Q8GMS8	Q8GMS8_SYNE7	
Q8GMS9	Q8GMS9_SYNE7	
Q8GMT1	Q8GMT1_SYNE7	
Q8GMT3	Q8GMT3_SYNE7	Synpcc7942_0467
Q8GMT5	Q8GMT5_SYNE7	
Q8KJR2	Q8KJR2_SYNE7	
Q8KJR3	Q8KJR3_SYNE7	
Q8KPN9	Q8KPN9_SYNE7	
Q8KPP8	Q8KPP8_SYNE7	
Q8KPP9	Q8KPP9_SYNE7	
Q8KPQ1	Q8KPQ1_SYNE7	
Q8KPQ2	Q8KPQ2_SYNE7	Synpcc7942_1185
Q8KPQ3	Q8KPQ3_SYNE7	
Q8KPQ4	Q8KPQ4_SYNE7	
Q8KPQ5	Q8KPQ5_SYNE7	Synpcc7942_1188
Q8KPQ8	Q8KPQ8_SYNE7	
Q8KPQ9	Q8KPQ9_SYNE7	
Q8KPR1	Q8KPR1_SYNE7	
Q8KPR2	Q8KPR2_SYNE7	Synpcc7942_1196
Q8KPR3	Q8KPR3_SYNE7	
Q8KPR6	Q8KPR6_SYNE7	
Q8KPR7	Q8KPR7_SYNE7	
Q8KPR8	Q8KPR8_SYNE7	Synpcc7942_1201
Q8KPR9	Q8KPR9_SYNE7	
Q8KPS0	Q8KPS0_SYNE7	
Q8KPS1	Q8KPS1_SYNE7	
Q8KPS2	Q8KPS2_SYNE7	
Q8KPS3	Q8KPS3_SYNE7	Synpcc7942_1206
Q8KPS4	Q8KPS4_SYNE7	Synpcc7942_1207
Q8KPS5	Q8KPS5_SYNE7	
Q8KPS6	Q8KPS6_SYNE7	Synpcc7942_1209
Q8KPS7	Q8KPS7_SYNE7	Synpcc7942_1223
Q8KPS8	Q8KPS8_SYNE7	
Q8KPT0	Q8KPT0_SYNE7	
Q8KPT1	Q8KPT1_SYNE7	
Q8KPT3	Q8KPT3_SYNE7	
Q8KPT5	Q8KPT5_SYNE7	
Q8KPT6	Q8KPT6_SYNE7	
Q8KPT7	Q8KPT7_SYNE7	Synpcc7942_1587
Q8KPU1	Q8KPU1_SYNE7	
Q8KPU3	Q8KPU3_SYNE7	Synpcc7942_1581
Q8KPU4	Q8KPU4_SYNE7	
Q8KPU5	Q8KPU5_SYNE7	
Q8KPU6	Q8KPU6_SYNE7	
Q8KPV0	Q8KPV0_SYNE7	Synpcc7942_1576
Q8KPV1	Q8KPV1_SYNE7	Synpcc7942_1575
Q8KPV2	Q8KPV2_SYNE7	
Q8KPV3	Q8KPV3_SYNE7	Synpcc7942_1573
Q8KPV4	Q8KPV4_SYNE7	
Q8KPV6	Q8KPV6_SYNE7	
Q8KUT2	Q8KUT2_SYNE7	
Q8KUT3	Q8KUT3_SYNE7	Synpcc7942_B2655
Q8KUT4	Q8KUT4_SYNE7	
Q8KUT5	Q8KUT5_SYNE7	Synpcc7942_B2631
Q8KUU1	Q8KUU1_SYNE7	Synpcc7942_B2619
Q8KUU2	Q8KUU2_SYNE7	Synpcc7942_B2618
Q8KUU3	Q8KUU3_SYNE7	Synpcc7942_B2617
Q8KUU4	Q8KUU4_SYNE7	Synpcc7942_B2616
Q8KUU6	Q8KUU6_SYNE7	Synpcc7942_B2654
Q8KUU7	Q8KUU7_SYNE7	Synpcc7942_B2648
Q8KUU8	Q8KUU8_SYNE7	Synpcc7942_B2637
Q8KUU9	Q8KUU9_SYNE7	Synpcc7942_B2626
Q8KUV0	Q8KUV0_SYNE7	Synpcc7942_B2615
Q8KUV1	Q8KUV1_SYNE7	Synpcc7942_B2653
Q8KUV3	Q8KUV3_SYNE7	
Q8KUV4	Q8KUV4_SYNE7	
Q8KUV5	Q8KUV5_SYNE7	Synpcc7942_B2650
Q8KUV6	Q8KUV6_SYNE7	Synpcc7942_B2647
Q8KUV7	Q8KUV7_SYNE7	Synpcc7942_B2643
Q8KUV8	Q8KUV8_SYNE7	
Q8KUV9	Q8KUV9_SYNE7	Synpcc7942_B2640
Q8KUW0	Q8KUW0_SYNE7	
Q8KUW1	Q8KUW1_SYNE7	Synpcc7942_B2639
Q8KUW2	Q8KUW2_SYNE7	Synpcc7942_B2638
Q8KUW3	Q8KUW3_SYNE7	
Q8KUW4	Q8KUW4_SYNE7	
Q8KUW5	Q8KUW5_SYNE7	Synpcc7942_B2636
Q8KUW6	Q8KUW6_SYNE7	
Q8KUW7	Q8KUW7_SYNE7	Synpcc7942_B2635
Q8KUW8	Q8KUW8_SYNE7	
Q8KUW9	Q8KUW9_SYNE7	
Q8KUX0	Q8KUX0_SYNE7	Synpcc7942_B2657
Q8KUX3	Q8KUX3_SYNE7	Synpcc7942_B2656
Q8KUX4	Q8KUX4_SYNE7	Synpcc7942_B2633
Q8L1E4	Q8L1E4_SYNE7	Synpcc7942_2394
Q8VPU8	Q8VPU8_SYNE7	Synpcc7942_0610
Q8VPV1	Q8VPV1_SYNE7	
Q8VPV2	Q8VPV2_SYNE7	Synpcc7942_0307
Q8VPV3	Q8VPV3_SYNE7	Synpcc7942_0308
Q8VPV5	Q8VPV5_SYNE7	
Q8VPV6	Q8VPV6_SYNE7	Synpcc7942_2094
Q8VPV7	Q8VPV7_SYNE7	Synpcc7942_2093
Q935X0	Q935X0_SYNE7	Synpcc7942_2496
Q935X1	Q935X1_SYNE7	
Q935X3	Q935X3_SYNE7	
Q935X5	Q935X5_SYNE7	
Q935X6	Q935X6_SYNE7	Synpcc7942_2505
Q935X8	Q935X8_SYNE7	Synpcc7942_2508
Q935X9	Q935X9_SYNE7	
Q935Y0	Q935Y0_SYNE7	Synpcc7942_2510
Q935Y1	Q935Y1_SYNE7	Synpcc7942_2511
Q935Y3	Q935Y3_SYNE7	
Q935Y6	Q935Y6_SYNE7	
Q935Y8	Q935Y8_SYNE7	
Q935Y9	Q935Y9_SYNE7	
Q935Z0	Q935Z0_SYNE7	
Q935Z1	Q935Z1_SYNE7	Synpcc7942_2521
Q93A72	Q93A72_SYNE7	
Q93AJ9	Q93AJ9_SYNE7	
Q93AK0	Q93AK0_SYNE7	Synpcc7942_1943
Q93EY3	Q93EY3_SYNE7	
Q93RM2	Q93RM2_SYNE7	
Q99QJ5	Q99QJ5_SYNE7	Synpcc7942_1980
Q9ALA6	Q9ALA6_SYNE7	Synpcc7942_1979
Q9KHA8	Q9KHA8_SYNE7	Synpcc7942_1607
Q9KHM5	Q9KHM5_SYNE7	
Q9R6U1	Q9R6U1_SYNE7	Synpcc7942_0579
Q9R6V0	Q9R6V0_SYNE7	Synpcc7942_B2630
Q9R6V1	Q9R6V1_SYNE7	Synpcc7942_B2629
Q9R6V2	Q9R6V2_SYNE7	Synpcc7942_B2628
Q9R6V3	Q9R6V3_SYNE7	Synpcc7942_B2627
Q9R6V4	Q9R6V4_SYNE7	Synpcc7942_B2625
Q9R6V5	Q9R6V5_SYNE7	Synpcc7942_B2624
Q9WWJ7	Q9WWJ7_SYNE7	
Q9WWJ8	Q9WWJ8_SYNE7	
Q9WWQ0	Q9WWQ0_SYNE7	Synpcc7942_1168
Q9Z3F7	Q9Z3F7_SYNE7	
Q9Z3G2	Q9Z3G2_SYNE7	Synpcc7942_1478
Q9Z3G5	Q9Z3G5_SYNE7	Synpcc7942_1823
V6BE50	V6BE50_SYNE7	
